,Player,Week,FPts,xFP,Diff
951,Jaxson Dart,7,29.42,0.0,29.42
1843,Tre Tucker,3,43.9,16.18,27.72
494,David Montgomery,3,32.4,8.67,23.73
950,Jaxson Dart,6,23.6,0.0,23.6
563,Derrick Henry,1,34.2,11.59,22.61
922,Jared Goff,2,36.96,14.97,21.99
672,Emeka Egbuka,5,34.3,12.87,21.43
74,Amon-Ra St. Brown,2,42.2,21.04,21.16
1553,Pat Freiermuth,7,31.1,10.06,21.04
108,Ashton Jeanty,4,37.5,16.49,21.01
6,A.J. Brown,7,31.1,11.1,20.0
948,Jaxson Dart,4,19.84,0.0,19.84
832,Jacory Croskey-Merritt,5,31.0,11.82,19.18
949,Jaxson Dart,5,18.58,0.0,18.58
1133,Justice Hill,4,28.7,10.38,18.32
425,DK Metcalf,4,26.6,8.43,18.17
1047,Jonathan Taylor,7,34.2,16.08,18.12
1532,Omarion Hampton,4,30.5,12.7,17.8
1191,Kayshon Boutte,6,26.3,8.91,17.39
1353,Malik Nabers,2,40.7,23.34,17.36
1538,Oronde Gadsden,7,32.4,15.1,17.3
545,DeVonta Smith,7,36.3,19.22,17.08
1369,Mark Andrews,3,27.1,10.03,17.07
1295,Lamar Jackson,1,29.36,12.55,16.81
707,George Pickens,4,36.4,19.65,16.75
143,Bijan Robinson,6,38.8,22.32,16.48
709,George Pickens,6,34.8,18.33,16.47
1639,Rico Dowdle,5,35.4,19.03,16.37
1676,Sam Darnold,5,31.64,15.47,16.17
937,Javonte Williams,5,29.9,13.73,16.17
1899,Tucker Kraft,2,27.4,11.27,16.13
1042,Jonathan Taylor,2,32.5,16.6,15.9
1655,Romeo Doubs,4,29.8,13.98,15.82
1333,Luther Burden,3,22.8,6.99,15.81
1605,Rashid Shaheed,5,24.4,8.73,15.67
525,De'Von Achane,6,34.0,18.45,15.55
431,Dak Prescott,4,33.96,18.7,15.26
944,Jaxon Smith-Njigba,5,30.2,15.01,15.19
409,D'Andre Swift,6,28.5,13.33,15.17
803,Ja'Marr Chase,5,32.0,16.87,15.13
1043,Jonathan Taylor,3,35.8,20.67,15.13
355,Christian McCaffrey,7,42.1,27.19,14.91
1065,Jordan Mason,3,26.6,11.72,14.88
243,C.J. Stroud,5,28.76,13.89,14.87
76,Amon-Ra St. Brown,4,26.0,11.36,14.64
1647,Rome Odunze,2,34.8,20.2,14.6
162,Bo Nix,7,39.96,25.41,14.55
2053,Zay Flowers,1,31.1,16.79,14.31
878,Jalen Hurts,7,27.04,13.18,13.86
1565,Puka Nacua,4,39.0,25.2,13.8
341,Chris Olave,7,26.8,13.12,13.68
1994,Wan'Dale Robinson,2,31.2,17.54,13.66
1382,Marquise Brown,6,20.5,6.87,13.63
276,Cam Skattebo,6,31.0,17.37,13.63
800,Ja'Marr Chase,2,39.5,25.97,13.53
916,Jameson Williams,2,21.8,8.36,13.44
254,Caleb Williams,3,29.12,15.72,13.4
797,JJ McCarthy,1,23.22,10.06,13.16
11,AJ Barner,5,24.3,11.22,13.08
20,Aaron Rodgers,1,25.66,12.65,13.01
237,Bucky Irving,4,29.5,16.54,12.96
1569,Quentin Johnston,1,24.9,12.07,12.83
581,Devontez Walker,2,16.6,3.78,12.82
1138,Justin Fields,4,28.14,15.65,12.49
437,Dallas Goedert,4,19.7,7.22,12.48
609,Drake Maye,4,23.22,10.78,12.44
1223,Kenneth Walker,2,21.8,9.43,12.37
1563,Puka Nacua,2,27.6,15.24,12.36
397,Courtland Sutton,3,26.8,14.44,12.36
668,Emeka Egbuka,1,23.6,11.24,12.36
1907,Tutu Atwell,4,15.8,3.45,12.35
696,Geno Smith,3,26.06,13.91,12.15
432,Dak Prescott,5,28.28,16.15,12.13
299,CeeDee Lamb,7,25.0,13.02,11.98
1559,Patrick Mahomes,6,31.48,19.62,11.86
1142,Justin Herbert,1,30.92,19.07,11.85
990,Jeremy McNichols,3,13.8,1.97,11.83
2017,Xavier Hutchinson,5,16.8,5.06,11.74
1296,Lamar Jackson,2,26.3,14.58,11.72
1661,Russell Wilson,2,34.3,22.6,11.7
945,Jaxon Smith-Njigba,6,33.2,21.51,11.69
908,James Cook,2,29.5,17.89,11.61
458,Daniel Jones,1,29.48,17.93,11.55
490,Davante Adams,7,26.5,14.95,11.55
603,Drake London,4,28.0,16.47,11.53
142,Bijan Robinson,4,31.1,19.81,11.29
124,Baker Mayfield,5,29.66,18.48,11.18
1092,Josh Jacobs,6,32.0,20.83,11.17
1183,Kareem Hunt,5,18.7,7.66,11.04
1293,Ladd McConkey,6,26.0,15.09,10.91
1394,Marvin Mims,4,20.5,9.59,10.91
1079,Josh Allen,4,25.86,15.01,10.85
1417,Matthew Stafford,4,30.4,19.56,10.84
1060,Jordan Love,4,30.28,19.5,10.78
1682,Sam LaPorta,5,20.2,9.48,10.72
439,Dallas Goedert,6,29.0,18.33,10.67
1640,Rico Dowdle,6,36.9,26.27,10.63
857,Jake Ferguson,7,21.9,11.32,10.58
970,Jaylen Waddle,5,26.0,15.5,10.5
1694,Saquon Barkley,5,17.8,7.43,10.37
481,Darren Waller,4,17.7,7.38,10.32
607,Drake Maye,2,26.3,16.08,10.22
925,Jared Goff,5,21.12,10.93,10.19
457,Daniel Bellinger,7,17.8,7.63,10.17
1136,Justin Fields,1,29.52,19.35,10.17
742,Hunter Henry,3,29.0,18.84,10.16
1240,Khalil Shakir,4,17.9,7.79,10.11
528,DeAndre Hopkins,2,14.4,4.33,10.07
1297,Lamar Jackson,3,27.02,16.96,10.06
1266,Kyle Pitts,4,18.0,7.96,10.04
942,Jaxon Smith-Njigba,3,20.6,10.63,9.97
2011,Woody Marks,4,27.9,17.95,9.95
1315,Luke McCaffrey,3,14.6,4.67,9.93
1045,Jonathan Taylor,5,31.6,21.83,9.77
1580,Quinshon Judkins,7,26.4,16.63,9.77
1440,Michael Pittman Jr.,3,19.3,9.58,9.72
1178,Kameron Johnson,6,16.4,6.8,9.6
1229,Keon Coleman,1,28.2,18.61,9.59
1783,Theo Johnson,5,21.3,11.76,9.54
855,Jake Ferguson,5,23.9,14.38,9.52
1213,Kendrick Bourne,5,27.2,17.69,9.51
1192,Kayshon Boutte,7,13.5,4.1,9.4
159,Bo Nix,4,29.74,20.34,9.4
445,Dalton Kincaid,5,19.8,10.42,9.38
611,Drake Maye,6,27.24,17.88,9.36
537,DeMario Douglas,6,16.1,6.81,9.29
1078,Josh Allen,3,23.02,13.75,9.27
2,A.J. Brown,3,25.9,16.67,9.23
1772,Tetairoa McMillan,6,17.9,8.71,9.19
1202,Keenan Allen,7,31.9,22.71,9.19
325,Chimere Dike,7,16.9,7.74,9.16
1091,Josh Jacobs,4,31.7,22.57,9.13
1998,Wan'Dale Robinson,6,20.4,11.35,9.05
398,Courtland Sutton,4,19.1,10.07,9.03
1963,Tyler Warren,7,16.9,7.88,9.02
482,Darren Waller,5,18.8,9.85,8.95
1817,Travis Etienne,4,22.5,13.56,8.94
1890,Tua Tagovailoa,2,22.6,13.7,8.9
1723,Stefon Diggs,5,27.6,18.84,8.76
1867,Trevor Lawrence,5,28.24,19.51,8.73
1902,Tucker Kraft,6,12.3,3.68,8.62
1420,Matthew Stafford,7,27.38,18.77,8.61
139,Bijan Robinson,1,27.4,18.85,8.55
874,Jalen Hurts,3,30.04,21.52,8.52
1435,Michael Penix Jr.,4,22.72,14.23,8.49
1076,Josh Allen,1,41.76,33.3,8.46
1883,Troy Franklin,2,24.0,15.56,8.44
743,Hunter Henry,4,11.9,3.53,8.37
1560,Patrick Mahomes,7,26.24,17.88,8.36
758,Hunter Renfrow,2,23.8,15.48,8.32
1318,Luke McCaffrey,6,10.3,1.99,8.31
1558,Patrick Mahomes,5,30.72,22.57,8.15
604,Drake London,6,34.8,26.66,8.14
688,Garrett Wilson,1,22.5,14.38,8.12
1239,Khalil Shakir,3,14.5,6.48,8.02
554,Deebo Samuel,4,20.1,12.09,8.01
441,Dalton Kincaid,1,14.8,6.85,7.95
1384,Marvin Harrison Jr.,1,18.1,10.18,7.92
612,Drake Maye,7,23.08,15.2,7.88
1509,Noah Fant,7,14.4,6.54,7.86
1165,KaVontae Turpin,2,15.3,7.46,7.84
527,DeAndre Hopkins,1,11.5,3.73,7.77
1971,Tyreek Hill,2,19.9,12.14,7.76
1364,Marcus Mariota,3,21.28,13.54,7.74
1674,Sam Darnold,3,16.72,9.0,7.72
1841,Tre Tucker,1,13.4,5.69,7.71
1438,Michael Pittman Jr.,1,20.0,12.31,7.69
1790,Tim Patrick,6,9.6,1.92,7.68
655,Elijah Moore,2,10.7,3.05,7.65
443,Dalton Kincaid,3,17.6,10.05,7.55
1498,Nico Collins,3,26.4,18.85,7.55
133,Bhayshul Tuten,2,15.4,7.86,7.54
410,D'Andre Swift,7,23.8,16.28,7.52
125,Baker Mayfield,6,19.64,12.13,7.51
129,Ben Skowronek,1,9.2,1.73,7.47
828,Jacory Croskey-Merritt,1,14.2,6.83,7.37
920,Jameson Williams,6,18.6,11.24,7.36
1961,Tyler Warren,5,14.4,7.04,7.36
1881,Trey McBride,7,29.4,22.04,7.36
1918,Tylan Wallace,2,10.5,3.15,7.35
1599,Rashee Rice,7,23.2,15.86,7.34
960,Jayden Higgins,4,9.4,2.07,7.33
25,Aaron Rodgers,7,24.56,17.23,7.33
10,AJ Barner,4,12.2,4.92,7.28
1219,Kenneth Gainwell,4,31.4,24.2,7.2
1562,Puka Nacua,1,26.1,18.91,7.19
543,DeVonta Smith,5,22.4,15.31,7.09
1625,Rhamondre Stevenson,2,21.2,14.12,7.08
1483,Nate Adkins,6,10.3,3.22,7.08
967,Jaylen Waddle,2,17.8,10.73,7.07
404,Curtis Samuel,5,10.6,3.57,7.03
1683,Sam LaPorta,6,16.5,9.5,7.0
1670,Ryan Miller,2,9.0,2.0,7.0
1941,Tyler Higbee,6,14.0,7.01,6.99
1093,Josh Jacobs,7,18.8,11.82,6.98
1392,Marvin Mims,2,10.4,3.43,6.97
220,Brock Wright,2,11.8,4.89,6.91
856,Jake Ferguson,6,12.3,5.41,6.89
75,Amon-Ra St. Brown,3,20.7,13.81,6.89
434,Dak Prescott,7,23.26,16.38,6.88
228,Bryce Young,6,19.46,12.58,6.88
1832,Travis Kelce,5,19.1,12.24,6.86
691,Garrett Wilson,4,20.2,13.34,6.86
1500,Nico Collins,5,16.0,9.19,6.81
463,Daniel Jones,6,23.48,16.7,6.78
1152,Justin Jefferson,4,25.6,18.84,6.76
1814,Travis Etienne,1,21.6,14.88,6.72
77,Amon-Ra St. Brown,5,21.0,14.33,6.67
1619,Ray Davis,6,9.9,3.24,6.66
1602,Rashid Shaheed,2,15.2,8.58,6.62
520,De'Von Achane,1,16.5,9.9,6.6
1187,Kayshon Boutte,2,8.6,2.01,6.59
909,James Cook,3,23.8,17.22,6.58
1046,Jonathan Taylor,6,26.7,20.14,6.56
2041,Zach Ertz,6,16.3,9.74,6.56
1098,Josh Oliver,5,11.5,4.96,6.54
1471,Mitchell Tinsley,2,8.3,1.77,6.53
1096,Josh Oliver,3,8.2,1.67,6.53
1628,Rhamondre Stevenson,5,15.7,9.19,6.51
765,Isaac TeSlaa,1,8.3,1.81,6.49
854,Jake Ferguson,4,17.0,10.52,6.48
1214,Kendrick Bourne,6,22.2,15.73,6.47
436,Dallas Goedert,3,10.3,3.85,6.45
390,Cooper Kupp,6,12.0,5.63,6.37
708,George Pickens,5,13.7,7.33,6.37
768,Isaac TeSlaa,5,8.2,1.84,6.36
792,J.K. Dobbins,3,15.3,8.94,6.36
258,Calvin Austin,1,17.0,10.73,6.27
1667,Ryan Flournoy,5,21.4,15.14,6.26
1722,Stefon Diggs,4,19.1,12.88,6.22
749,Hunter Long,4,11.3,5.08,6.22
1893,Tua Tagovailoa,5,22.74,16.53,6.21
910,James Cook,4,25.5,19.31,6.19
551,Deebo Samuel,1,22.6,16.42,6.18
383,Connor Heyward,6,8.2,2.04,6.16
2022,Xavier Legette,7,24.2,18.05,6.15
433,Dak Prescott,6,22.34,16.2,6.14
211,Brian Thomas,6,23.0,16.87,6.13
702,George Kittle,1,12.5,6.38,6.12
508,Davis Allen,2,7.8,1.75,6.05
157,Bo Nix,2,21.24,15.21,6.03
372,Cole Kmet,3,8.0,1.99,6.01
872,Jalen Hurts,1,24.28,18.28,6.0
119,Austin Hooper,7,9.1,3.11,5.99
1810,Tory Horton,3,12.2,6.22,5.98
2037,Zach Ertz,2,18.4,12.42,5.98
444,Dalton Kincaid,4,9.8,3.83,5.97
1828,Travis Kelce,1,12.7,6.75,5.95
1444,Michael Pittman Jr.,7,20.8,14.86,5.94
18,Aaron Jones,1,15.7,9.83,5.87
747,Hunter Long,1,7.6,1.76,5.84
1030,John FitzPatrick,3,9.2,3.36,5.84
933,Javonte Williams,1,20.4,14.56,5.84
541,DeVonta Smith,3,20.0,14.17,5.83
755,Hunter Luepke,6,8.7,2.9,5.8
1557,Patrick Mahomes,4,27.3,21.51,5.79
996,Jeremy Ruckert,2,7.5,1.73,5.77
666,Emari Demercado,5,7.1,1.33,5.77
1960,Tyler Warren,4,18.3,12.55,5.75
146,Blake Corum,2,10.4,4.68,5.72
821,Jackson Hawes,3,7.5,1.82,5.68
1244,Kimani Vidal,6,25.8,20.13,5.67
637,Elic Ayomanor,3,13.8,8.13,5.67
694,Geno Smith,1,21.48,15.83,5.65
1468,Mitchell Evans,5,7.4,1.75,5.65
955,Jayden Daniels,6,23.64,18.01,5.63
1812,Tory Horton,5,12.9,7.27,5.63
424,DK Metcalf,3,12.2,6.57,5.63
858,Jake Tonges,1,10.5,4.88,5.62
1589,Rachaad White,2,14.6,9.0,5.6
861,Jake Tonges,4,14.8,9.21,5.59
968,Jaylen Waddle,3,14.9,9.33,5.57
620,Dyami Brown,2,17.6,12.04,5.56
843,Jahmyr Gibbs,4,17.7,12.15,5.55
1592,Rachaad White,5,23.1,17.58,5.52
1734,T.J. Hockenson,3,15.9,10.39,5.51
1248,Konata Mumpfield,7,7.5,2.0,5.5
1554,Patrick Mahomes,1,26.02,20.52,5.5
847,Jake Browning,2,20.74,15.25,5.49
1197,Keenan Allen,2,17.1,11.62,5.48
1345,Mack Hollins,4,7.4,1.92,5.48
732,Harold Fannin,5,11.3,5.83,5.47
286,Carson Wentz,4,26.2,20.74,5.46
487,Davante Adams,4,15.6,10.17,5.43
521,De'Von Achane,2,26.2,20.79,5.41
665,Emari Demercado,4,10.1,4.7,5.4
1181,Kareem Hunt,3,11.4,6.01,5.39
1285,Kyren Williams,5,32.1,26.72,5.38
333,Chris Moore,6,13.6,8.24,5.36
2020,Xavier Legette,5,11.1,5.74,5.36
616,Drew Sample,3,10.0,4.65,5.35
1418,Matthew Stafford,5,29.56,24.21,5.35
816,Jack Stoll,3,10.1,4.76,5.34
570,Devaughn Vele,2,7.3,1.96,5.34
1252,Kyle Juszczyk,3,7.1,1.77,5.33
841,Jahmyr Gibbs,2,19.4,14.08,5.32
252,Caleb Williams,1,24.2,18.91,5.29
671,Emeka Egbuka,4,23.1,17.82,5.28
273,Cam Skattebo,3,24.1,18.83,5.27
1542,Parker Washington,5,9.6,4.34,5.26
552,Deebo Samuel,2,17.4,12.15,5.25
636,Elic Ayomanor,2,15.6,10.36,5.24
1505,Noah Fant,1,12.6,7.37,5.23
555,Deebo Samuel,5,23.6,18.39,5.21
1467,Mitchell Evans,4,11.3,6.09,5.21
1055,Jordan Addison,5,15.1,9.89,5.21
1785,Theo Johnson,7,15.6,10.42,5.18
844,Jahmyr Gibbs,5,16.7,11.53,5.17
406,D'Andre Swift,2,14.9,9.76,5.14
519,Dawson Knox,6,8.9,3.77,5.13
186,Breece Hall,5,21.5,16.38,5.12
1286,Kyren Williams,6,16.7,11.6,5.1
491,David Martin-Robinson,6,7.1,2.01,5.09
1778,Tez Johnson,6,11.5,6.43,5.07
298,CeeDee Lamb,2,23.2,18.17,5.03
1218,Kenneth Gainwell,3,9.6,4.58,5.02
2064,Zonovan Knight,5,9.4,4.39,5.01
1442,Michael Pittman Jr.,5,14.9,9.9,5.0
1430,Michael Mayer,6,16.0,11.01,4.99
1186,Kayshon Boutte,1,19.3,14.32,4.98
926,Jared Goff,6,16.82,11.92,4.9
804,Ja'Marr Chase,6,25.1,20.21,4.89
214,Brock Bowers,1,18.3,13.42,4.88
1310,Luke Farrell,2,9.5,4.62,4.88
37,Adam Trautman,2,10.0,5.13,4.87
719,Greg Dortch,6,9.9,5.04,4.86
1316,Luke McCaffrey,4,10.1,5.24,4.86
12,AJ Barner,6,10.1,5.24,4.86
977,Jaylen Warren,7,22.8,17.95,4.85
1751,Taysom Hill,6,6.1,1.26,4.84
1087,Josh Downs,6,16.2,11.37,4.83
2063,Zay Jones,7,8.7,3.87,4.83
8,AJ Barner,2,10.8,6.01,4.79
1054,Jordan Addison,4,18.4,13.63,4.77
1631,Ricky Pearsall,1,17.8,13.05,4.75
269,Cam Akers,5,5.28,0.55,4.73
1851,TreVeyon Henderson,4,12.6,7.89,4.71
1610,Rashod Bateman,3,17.3,12.61,4.69
1555,Patrick Mahomes,2,23.08,18.43,4.65
95,Antonio Gibson,4,8.7,4.06,4.64
1380,Marquise Brown,4,12.8,8.17,4.63
1566,Puka Nacua,5,24.5,19.91,4.59
1224,Kenneth Walker,3,18.0,13.42,4.58
345,Chris Rodriguez,7,7.2,2.62,4.58
956,Jayden Daniels,7,18.74,14.2,4.54
120,Baker Mayfield,1,22.58,18.08,4.5
1388,Marvin Harrison Jr.,5,13.8,9.3,4.5
43,Adonai Mitchell,4,11.6,7.1,4.5
905,James Conner,2,12.2,7.78,4.42
1446,Michael Wilson,2,8.1,3.69,4.41
941,Jaxon Smith-Njigba,2,21.3,16.9,4.4
1713,Spencer Rattler,2,21.68,17.28,4.4
1967,Tyquan Thornton,4,8.1,3.71,4.39
483,Darren Waller,6,9.2,4.81,4.39
1707,Sean Tucker,6,8.5,4.11,4.39
24,Aaron Rodgers,6,17.5,13.12,4.38
1343,Mack Hollins,2,7.8,3.42,4.38
939,Javonte Williams,7,21.8,17.42,4.38
1539,Parker Washington,2,12.6,8.24,4.36
793,J.K. Dobbins,4,14.5,10.19,4.31
1118,JuJu Smith-Schuster,6,8.7,4.43,4.27
1487,Nick Chubb,2,15.2,10.93,4.27
59,Allen Lazard,3,9.3,5.04,4.26
507,Davis Allen,1,8.3,4.05,4.25
70,Ameer Abdullah,5,6.6,2.35,4.25
934,Javonte Williams,2,25.0,20.76,4.24
907,James Cook,1,21.2,17.01,4.19
221,Brock Wright,5,8.9,4.71,4.19
2057,Zay Flowers,5,12.2,8.03,4.17
1365,Marcus Mariota,4,17.24,13.08,4.16
1985,Tyrone Tracy,7,10.6,6.44,4.16
1846,Tre Tucker,6,12.0,7.88,4.12
962,Jayden Reed,1,13.5,9.4,4.1
260,Calvin Austin,3,12.4,8.35,4.05
1594,Raheem Mostert,4,8.3,4.26,4.04
988,Jaylin Noel,5,9.8,5.76,4.04
1825,Travis Hunter,5,9.4,5.39,4.01
1766,Terry McLaurin,3,10.4,6.42,3.98
1675,Sam Darnold,4,16.08,12.11,3.97
1112,Joshua Palmer,6,8.0,4.05,3.95
1196,Keenan Allen,1,19.8,15.86,3.94
350,Christian McCaffrey,2,22.7,18.79,3.91
1531,Omarion Hampton,3,24.9,20.99,3.91
285,Carson Wentz,3,15.32,11.42,3.9
219,Brock Purdy,4,23.66,19.77,3.89
1834,Travis Kelce,7,8.4,4.51,3.89
242,C.J. Stroud,4,18.42,14.54,3.88
835,Jahan Dotson,1,8.9,5.08,3.82
1461,Miles Sanders,2,9.9,6.08,3.82
1973,Tyreek Hill,4,12.7,8.88,3.82
629,Dylan Sampson,2,10.9,7.11,3.79
1570,Quentin Johnston,2,15.9,12.13,3.77
84,Andrew Beck,5,7.1,3.33,3.77
1948,Tyler Johnson,7,9.0,5.24,3.76
805,Ja'Marr Chase,7,41.1,37.35,3.75
1397,Marvin Mims,7,15.8,12.12,3.68
249,Cade Otton,5,12.1,8.43,3.67
1581,RJ Harvey,1,7.9,4.26,3.64
1648,Rome Odunze,3,15.2,11.56,3.64
1577,Quinshon Judkins,4,21.5,17.87,3.63
87,Andy Dalton,4,6.32,2.7,3.62
1762,Terrance Ferguson,7,10.1,6.49,3.61
348,Christian Kirk,5,10.4,6.8,3.6
1806,Tony Pollard,5,15.8,12.21,3.59
1728,Sterling Shepard,3,12.0,8.42,3.58
1115,JuJu Smith-Schuster,3,9.5,5.93,3.57
1759,Tee Higgins,7,21.6,18.03,3.57
266,Calvin Ridley,5,21.1,17.55,3.55
1965,Tyquan Thornton,2,13.9,10.36,3.54
1292,Ladd McConkey,5,14.9,11.37,3.53
426,DK Metcalf,6,19.5,15.97,3.53
690,Garrett Wilson,3,24.4,20.9,3.5
1048,Jonnu Smith,1,12.5,9.06,3.44
1056,Jordan Addison,7,24.8,21.37,3.43
459,Daniel Jones,2,25.84,22.43,3.41
1809,Tory Horton,2,11.2,7.79,3.41
943,Jaxon Smith-Njigba,4,13.0,9.62,3.38
1584,RJ Harvey,4,19.8,16.45,3.35
2036,Zach Ertz,1,11.6,8.25,3.35
1206,Kendre Miller,4,12.5,9.16,3.34
1725,Stefon Diggs,7,13.9,10.56,3.34
583,Dillon Gabriel,2,4.76,1.45,3.31
464,Daniel Jones,7,21.92,18.65,3.27
1598,Raheim Sanders,1,6.3,3.05,3.25
678,Evan Engram,5,13.3,10.07,3.23
504,David Njoku,5,18.7,15.47,3.23
1730,Sterling Shepard,5,11.9,8.68,3.22
1262,Kyle Monangai,7,17.4,14.19,3.21
190,Brenton Strange,1,9.9,6.7,3.2
2009,Woody Marks,2,6.1,2.9,3.2
256,Caleb Williams,6,19.88,16.72,3.16
429,Dak Prescott,2,26.14,23.0,3.14
362,Chuba Hubbard,2,18.7,15.56,3.14
1148,Justin Herbert,7,32.9,29.8,3.1
1962,Tyler Warren,6,18.3,15.2,3.1
1747,Tanner Hudson,6,11.0,7.93,3.07
929,Jauan Jennings,2,19.9,16.84,3.06
531,DeAndre Hopkins,5,6.6,3.57,3.03
1833,Travis Kelce,6,13.8,10.78,3.02
1901,Tucker Kraft,4,10.6,7.59,3.01
1025,Joe Flacco,7,28.98,25.98,3.0
1572,Quentin Johnston,4,23.8,20.8,3.0
1777,Tez Johnson,5,9.9,6.92,2.98
485,Davante Adams,2,25.6,22.63,2.97
1314,Luke McCaffrey,2,4.9,1.93,2.97
1116,JuJu Smith-Schuster,4,13.6,10.63,2.97
850,Jake Browning,5,22.14,19.18,2.96
1412,Matthew Golden,6,13.2,10.25,2.95
786,Isiah Pacheco,4,12.8,9.87,2.93
1892,Tua Tagovailoa,4,15.68,12.76,2.92
2029,Xavier Worthy,6,10.6,7.69,2.91
1432,Michael Penix Jr.,1,24.02,21.17,2.85
1335,Luther Burden,6,9.1,6.26,2.84
1347,Mack Hollins,7,7.3,4.47,2.83
876,Jalen Hurts,5,19.5,16.72,2.78
697,Geno Smith,4,12.78,10.0,2.78
418,DJ Moore,3,12.8,10.03,2.77
469,Darius Slayton,2,8.1,5.33,2.77
1153,Justin Jefferson,5,22.3,19.53,2.77
1677,Sam Darnold,6,20.0,17.24,2.76
1410,Matthew Golden,3,10.1,7.41,2.69
875,Jalen Hurts,4,19.4,16.72,2.68
1932,Tyler Conklin,1,7.2,4.52,2.68
369,Colby Parkinson,7,7.7,5.03,2.67
1350,Malik Heath,2,4.7,2.05,2.65
1673,Sam Darnold,2,17.8,15.16,2.64
1877,Trey McBride,3,15.3,12.66,2.64
1633,Ricky Pearsall,3,22.7,20.07,2.63
1113,JuJu Smith-Schuster,1,10.5,7.88,2.62
293,Cedric Tillman,1,16.2,13.58,2.62
1815,Travis Etienne,2,16.9,14.29,2.61
1339,Mac Jones,5,25.18,22.59,2.59
123,Baker Mayfield,4,19.86,17.28,2.58
1016,Jimmy Horn,6,6.7,4.12,2.58
1768,Tetairoa McMillan,2,19.0,16.43,2.57
497,David Montgomery,6,8.1,5.55,2.55
456,Daniel Bellinger,5,9.2,6.69,2.51
1058,Jordan Love,2,20.88,18.38,2.5
1731,Sterling Shepard,6,7.1,4.61,2.49
1876,Trey McBride,2,13.8,11.32,2.48
493,David Montgomery,2,13.1,10.62,2.48
467,Dareke Young,5,4.6,2.13,2.47
706,George Pickens,3,17.8,15.35,2.45
329,Chris Moore,1,4.4,1.97,2.43
1649,Rome Odunze,4,16.9,14.47,2.43
2034,Zach Charbonnet,5,11.8,9.39,2.41
1898,Tucker Kraft,1,9.9,7.49,2.41
2023,Xavier Smith,1,4.6,2.19,2.41
866,Jakobi Meyers,3,9.3,6.9,2.4
830,Jacory Croskey-Merritt,3,10.1,7.71,2.39
885,Jalen Nailor,4,9.2,6.82,2.38
63,Alvin Kamara,1,13.7,11.32,2.38
1800,Tommy Tremble,6,7.9,5.54,2.36
395,Courtland Sutton,1,18.1,15.75,2.35
1383,Marquise Brown,7,9.4,7.05,2.35
1653,Romeo Doubs,2,11.8,9.5,2.3
904,James Conner,1,14.4,12.11,2.29
1276,Kyler Murray,1,18.32,16.03,2.29
52,Alec Pierce,2,10.8,8.53,2.27
1798,Tommy Tremble,4,15.2,12.93,2.27
652,Elijah Higgins,6,5.4,3.15,2.25
1576,Quinshon Judkins,3,16.5,14.25,2.25
1190,Kayshon Boutte,5,7.3,5.06,2.24
582,Devontez Walker,3,4.4,2.16,2.24
22,Aaron Rodgers,3,12.66,10.42,2.24
314,Chig Okonkwo,3,11.6,9.37,2.23
958,Jayden Higgins,2,3.8,1.57,2.23
1070,Jordan Whittington,2,6.2,3.98,2.22
1870,Trey Benson,1,8.5,6.28,2.22
462,Daniel Jones,5,16.68,14.47,2.21
1827,Travis Hunter,7,27.1,24.91,2.19
1691,Saquon Barkley,2,17.4,15.21,2.19
1880,Trey McBride,6,21.2,19.01,2.19
974,Jaylen Warren,2,17.4,15.21,2.19
549,Dee Eskridge,7,5.5,3.32,2.18
1922,Tyler Allgeier,2,15.0,12.84,2.16
2050,Zavier Scott,4,16.4,14.24,2.16
117,Austin Hooper,4,3.4,1.25,2.15
705,George Pickens,2,17.8,15.66,2.14
1831,Travis Kelce,4,9.8,7.66,2.14
317,Chig Okonkwo,6,10.6,8.46,2.14
1111,Joshua Palmer,5,5.6,3.47,2.13
1568,Q.Ewers,7,2.12,0.0,2.12
1515,Noah Gray,7,3.8,1.71,2.09
1925,Tyler Allgeier,6,10.8,8.72,2.08
973,Jaylen Warren,1,13.9,11.84,2.06
1059,Jordan Love,3,12.12,10.06,2.06
1490,Nick Chubb,5,12.1,10.05,2.05
729,Harold Fannin,2,9.8,7.8,2.0
1120,Julian Hill,1,2.0,0.0,2.0
1337,Mac Jones,2,22.76,20.78,1.98
1289,Ladd McConkey,2,9.8,7.82,1.98
1149,Justin Jefferson,1,14.8,12.82,1.98
121,Baker Mayfield,2,19.9,17.93,1.97
216,Brock Bowers,3,9.8,7.84,1.96
1389,Marvin Harrison Jr.,6,5.2,3.25,1.95
2038,Zach Ertz,3,6.8,4.85,1.95
1587,RJ Harvey,7,7.2,5.26,1.94
1155,Justin Watson,1,4.7,2.76,1.94
1166,KaVontae Turpin,3,8.8,6.87,1.93
134,Bhayshul Tuten,3,8.1,6.18,1.92
1143,Justin Herbert,2,19.78,17.87,1.91
164,Braelon Allen,1,6.9,4.99,1.91
1132,Justice Hill,3,7.5,5.59,1.91
277,Cam Skattebo,7,18.4,16.49,1.91
1642,Robbie Anderson,7,7.6,5.72,1.88
1387,Marvin Harrison Jr.,4,18.6,16.73,1.87
1782,Theo Johnson,4,10.7,8.83,1.87
1992,Van Jefferson,7,8.1,6.24,1.86
766,Isaac TeSlaa,2,3.9,2.07,1.83
1250,Kyle Juszczyk,1,5.2,3.37,1.83
460,Daniel Jones,3,15.82,14.0,1.82
1968,Tyquan Thornton,5,12.0,10.18,1.82
1057,Jordan Love,1,15.92,14.11,1.81
864,Jakobi Meyers,1,17.7,15.89,1.81
422,DK Metcalf,1,12.3,10.5,1.8
115,Austin Hooper,2,6.8,5.0,1.8
1158,Juwan Johnson,2,15.9,14.11,1.79
194,Brenton Strange,5,3.2,1.41,1.79
122,Baker Mayfield,3,17.72,15.94,1.78
311,Chase Brown,7,15.0,13.23,1.77
811,Jack Bech,1,3.3,1.55,1.75
1151,Justin Jefferson,3,12.5,10.77,1.73
1499,Nico Collins,4,11.9,10.17,1.73
2013,Xavier Hutchinson,1,5.5,3.77,1.73
399,Courtland Sutton,5,17.9,16.17,1.73
23,Aaron Rodgers,4,12.8,11.08,1.72
1413,Matthew Golden,7,7.7,5.98,1.72
1630,Rhamondre Stevenson,7,16.8,15.09,1.71
240,C.J. Stroud,2,14.98,13.27,1.71
1978,Tyrod Taylor,2,8.34,6.64,1.7
80,Andrei Iosivas,4,3.7,2.03,1.67
1146,Justin Herbert,5,15.64,13.97,1.67
1938,Tyler Higbee,2,7.7,6.06,1.64
971,Jaylen Waddle,6,15.82,14.19,1.63
1524,Ollie Gordon,3,9.8,8.17,1.63
371,Cole Kmet,2,4.9,3.28,1.62
842,Jahmyr Gibbs,3,26.9,25.28,1.62
141,Bijan Robinson,3,16.1,14.5,1.6
1317,Luke McCaffrey,5,6.0,4.4,1.6
819,Jackson Hawes,1,3.9,2.32,1.58
1321,Luke Musgrave,2,5.2,3.63,1.57
901,Jamari Thrash,5,3.2,1.65,1.55
1019,Joe Burrow,2,7.04,5.5,1.54
692,Garrett Wilson,5,19.1,17.57,1.53
1514,Noah Gray,6,4.5,2.97,1.53
423,DK Metcalf,2,11.0,9.47,1.53
594,Dontayvion Wicks,1,5.0,3.48,1.52
710,George Pickens,7,12.2,10.68,1.52
1067,Jordan Mason,5,13.6,12.08,1.52
1427,Michael Mayer,1,7.8,6.29,1.51
169,Brandin Cooks,2,4.6,3.09,1.51
1654,Romeo Doubs,3,4.5,3.0,1.5
994,Jeremy McNichols,7,6.5,5.0,1.5
1593,Rachaad White,6,17.6,16.11,1.49
1637,Rico Dowdle,3,10.8,9.31,1.49
585,Dillon Gabriel,5,16.1,14.63,1.47
1944,Tyler Johnson,1,5.1,3.65,1.45
954,Jayden Daniels,5,17.14,15.73,1.41
192,Brenton Strange,3,12.1,10.69,1.41
1474,Mo Alie-Cox,1,3.0,1.6,1.4
182,Breece Hall,1,19.5,18.1,1.4
1549,Pat Freiermuth,1,5.8,4.42,1.38
1119,JuJu Smith-Schuster,7,6.5,5.13,1.37
2000,Will Dissly,1,2.8,1.43,1.37
1160,Juwan Johnson,4,5.8,4.45,1.35
1131,Justice Hill,2,5.5,4.15,1.35
330,Chris Moore,3,4.5,3.17,1.33
790,J.K. Dobbins,1,14.8,13.47,1.33
2027,Xavier Worthy,4,17.1,15.78,1.32
2042,Zach Ertz,7,12.7,11.38,1.32
1760,Terrance Ferguson,5,3.1,1.79,1.31
1501,Nikko Remigio,2,3.1,1.79,1.31
9,AJ Barner,3,3.3,1.99,1.31
649,Elijah Higgins,2,6.5,5.19,1.31
53,Alec Pierce,3,10.7,9.39,1.31
869,Jakobi Meyers,6,7.9,6.6,1.3
244,C.Runyon,7,1.3,0.0,1.3
1646,Rome Odunze,1,15.7,14.4,1.3
1261,Kyle Monangai,6,5.4,4.11,1.29
267,Calvin Ridley,6,2.8,1.51,1.29
1298,Lamar Jackson,4,12.68,11.39,1.29
983,Jaylin Lane,6,5.4,4.12,1.28
1736,T.J. Hockenson,5,9.8,8.53,1.27
1168,KaVontae Turpin,7,2.7,1.43,1.27
1791,Tim Patrick,7,3.2,1.93,1.27
1698,Savion Williams,2,2.4,1.13,1.27
1081,Josh Allen,6,17.4,16.13,1.27
210,Brian Thomas,5,12.0,10.74,1.26
791,J.K. Dobbins,2,15.5,14.25,1.25
542,DeVonta Smith,4,4.9,3.66,1.24
450,Dalton Schultz,5,11.0,9.76,1.24
1874,Trey Lance,5,2.86,1.62,1.24
316,Chig Okonkwo,5,8.8,7.57,1.23
1108,Joshua Palmer,2,6.7,5.47,1.23
1053,Jonnu Smith,7,11.8,10.58,1.22
1727,Sterling Shepard,2,7.4,6.18,1.22
2031,Zach Charbonnet,1,10.7,9.48,1.22
1102,Josh Reynolds,5,7.9,6.69,1.21
1253,Kyle Juszczyk,4,6.2,5.0,1.2
1210,Kendrick Bourne,2,6.2,5.0,1.2
1469,Mitchell Evans,6,3.1,1.9,1.2
250,Cade Otton,6,10.1,8.9,1.2
523,De'Von Achane,4,17.1,15.92,1.18
178,Brashard Smith,5,6.6,5.42,1.18
2056,Zay Flowers,4,14.4,13.22,1.18
1147,Justin Herbert,6,18.76,17.59,1.17
1754,Tee Higgins,2,14.6,13.43,1.17
745,Hunter Henry,6,5.7,4.53,1.17
1931,Tyler Badie,7,3.9,2.74,1.16
1903,Tucker Kraft,7,16.8,15.65,1.15
1849,TreVeyon Henderson,2,6.0,4.85,1.15
1975,Tyrell Shavers,3,4.4,3.25,1.15
1787,Tim Patrick,3,2.6,1.45,1.15
1719,Stefon Diggs,1,11.7,10.55,1.15
235,Bucky Irving,2,18.1,16.96,1.14
723,Gunnar Heim,3,5.7,4.57,1.13
253,Caleb Williams,2,17.98,16.86,1.12
140,Bijan Robinson,2,22.8,21.69,1.11
1966,Tyquan Thornton,3,18.1,17.0,1.1
1424,Michael Carter,5,18.3,17.2,1.1
173,Brandin Cooks,6,3.1,2.0,1.1
295,Cedric Tillman,3,5.6,4.5,1.1
1711,Skyy Moore,7,2.5,1.41,1.09
479,Darnell Washington,6,9.2,8.11,1.09
1163,Juwan Johnson,7,12.9,11.81,1.09
1928,Tyler Badie,2,4.2,3.12,1.08
601,Drake London,2,6.9,5.83,1.07
81,Andrei Iosivas,5,13.2,12.13,1.07
1951,Tyler Lockett,3,7.7,6.64,1.06
1547,Pat Bryant,6,4.2,3.14,1.06
936,Javonte Williams,4,19.0,17.94,1.06
144,Bijan Robinson,7,21.2,20.14,1.06
515,Dawson Knox,1,4.0,2.95,1.05
189,Brenden Bates,5,4.3,3.27,1.03
386,Cooper Kupp,2,16.0,14.97,1.03
565,Derrick Henry,3,12.7,11.68,1.02
1400,Mason Taylor,1,3.0,1.99,1.01
1263,Kyle Pitts,1,12.9,11.89,1.01
511,Davis Allen,5,4.4,3.4,1.0
656,Elijah Moore,3,6.1,5.13,0.97
50,Alec Ingold,6,3.5,2.55,0.95
99,Arian Smith,5,2.4,1.46,0.94
619,Dyami Brown,1,8.8,7.9,0.9
559,Demarcus Robinson,6,6.4,5.5,0.9
1103,Josh Reynolds,6,5.5,4.6,0.9
238,C.Colby,7,0.9,0.0,0.9
2002,Will Dissly,6,3.8,2.9,0.9
1574,Quentin Johnston,7,11.0,10.12,0.88
846,Jake Bobo,4,2.7,1.83,0.87
1174,Kalif Raymond,2,3.3,2.43,0.87
38,Adam Trautman,4,5.2,4.34,0.86
1536,Oronde Gadsden,5,2.4,1.55,0.85
475,Darnell Mooney,4,2.5,1.66,0.84
775,Isaiah Davis,1,1.8,0.96,0.84
499,David Moore,4,1.2,0.36,0.84
1840,Tre Harris,7,4.3,3.46,0.84
661,Emanuel Wilson,4,11.1,10.26,0.84
1645,Roman Wilson,7,3.7,2.87,0.83
822,Jackson Hawes,4,2.5,1.67,0.83
1724,Stefon Diggs,6,5.8,4.97,0.83
1805,Tony Pollard,4,10.6,9.77,0.83
1230,Keon Coleman,2,5.6,4.77,0.83
1748,Tay Martin,4,2.4,1.57,0.83
145,Blake Corum,1,2.6,1.79,0.81
914,James Mitchell,5,2.1,1.29,0.81
375,Cole Kmet,7,2.6,1.79,0.81
1050,Jonnu Smith,3,5.3,4.49,0.81
544,DeVonta Smith,6,8.9,8.1,0.8
1049,Jonnu Smith,2,6.7,5.9,0.8
40,Adonai Mitchell,1,4.1,3.3,0.8
1652,Romeo Doubs,1,8.8,8.01,0.79
1552,Pat Freiermuth,6,2.1,1.31,0.79
470,Darius Slayton,3,7.0,6.21,0.79
863,Jake Tonges,6,11.8,11.02,0.78
1744,Tanner Conner,5,3.6,2.82,0.78
1463,Miles Sanders,4,4.5,3.72,0.78
310,Chase Brown,6,8.9,8.13,0.77
367,Colby Parkinson,4,3.7,2.93,0.77
471,Darius Slayton,4,7.4,6.64,0.76
598,Dontayvion Wicks,6,3.5,2.75,0.75
625,Dylan Laube,2,3.7,2.95,0.75
1644,Roman Wilson,6,2.2,1.46,0.74
913,James Mitchell,4,3.7,2.96,0.74
1908,Tutu Atwell,5,9.2,8.46,0.74
826,Jacoby Brissett,6,24.7,23.96,0.74
1283,Kyren Williams,3,19.2,18.47,0.73
1348,Malachi Corley,5,1.1,0.38,0.72
251,Cade Stover,1,6.2,5.49,0.71
713,Grant Calcaterra,5,3.8,3.1,0.7
1124,Julian Hill,6,6.1,5.4,0.7
1502,Nikko Remigio,3,1.1,0.41,0.69
1816,Travis Etienne,3,11.6,10.92,0.68
1408,Matthew Golden,1,3.6,2.92,0.68
670,Emeka Egbuka,3,14.5,13.82,0.68
1068,Jordan Mason,7,11.7,11.03,0.67
940,Jaxon Smith-Njigba,1,23.4,22.74,0.66
1027,John Bates,5,1.9,1.24,0.66
1080,Josh Allen,5,21.42,20.77,0.65
961,Jayden Higgins,5,7.2,6.55,0.65
1460,Miles Sanders,1,5.0,4.35,0.65
72,Ameer Abdullah,7,3.7,3.05,0.65
1792,Tip Reiman,1,2.0,1.35,0.65
1620,Ray-Ray McCloud,1,8.1,7.45,0.65
754,Hunter Luepke,5,2.0,1.36,0.64
1969,Tyquan Thornton,7,4.9,4.27,0.63
1564,Puka Nacua,3,25.8,25.17,0.63
39,Adam Trautman,5,2.1,1.48,0.62
71,Ameer Abdullah,6,2.6,1.98,0.62
1226,Kenneth Walker,5,9.6,8.98,0.62
272,Cam Skattebo,2,13.9,13.29,0.61
2030,Xavier Worthy,7,7.8,7.19,0.61
526,De'Von Achane,7,12.8,12.2,0.6
455,Daniel Bellinger,4,2.3,1.7,0.6
15,AJ Dillon,4,1.7,1.1,0.6
724,Gunnar Heim,4,2.2,1.61,0.59
886,Jalen Nailor,5,7.2,6.61,0.59
679,Evan Engram,6,9.9,9.31,0.59
1349,Malachi Corley,7,3.7,3.13,0.57
812,Jack Bech,3,2.0,1.44,0.56
102,Ashton Dulin,1,1.5,0.94,0.56
201,Brian Robinson,3,2.2,1.65,0.55
31,Adam Thielen,1,2.0,1.45,0.55
1955,Tyler Lockett,7,3.8,3.25,0.55
1835,Tre Harris,1,2.1,1.56,0.54
1280,Kyler Murray,5,16.3,15.76,0.54
1198,Keenan Allen,3,19.5,18.96,0.54
1301,LeQuint Allen,3,1.9,1.37,0.53
1868,Trevor Lawrence,6,19.22,18.69,0.53
1269,Kyle Williams,1,2.2,1.68,0.52
1573,Quentin Johnston,5,7.9,7.39,0.51
1139,Justin Fields,5,25.92,25.42,0.5
1344,Mack Hollins,3,6.7,6.2,0.5
419,DJ Moore,4,7.8,7.31,0.49
466,Dareke Young,3,2.2,1.71,0.49
343,Chris Rodriguez,4,5.9,5.41,0.49
2065,Zonovan Knight,6,12.4,11.91,0.49
496,David Montgomery,5,18.22,17.73,0.49
1796,Tommy Tremble,2,5.0,4.52,0.48
781,Isaiah Likely,5,2.2,1.72,0.48
674,Eric Saubert,3,2.2,1.72,0.48
815,Jack Bech,7,3.3,2.82,0.48
1398,Mason Rudolph,2,0.48,0.0,0.48
233,Brycen Tremayne,5,1.9,1.42,0.48
534,DeMario Douglas,2,1.8,1.32,0.48
111,Ashton Jeanty,7,4.4,3.93,0.47
231,Brycen Tremayne,3,3.5,3.03,0.47
682,Foster Moreau,6,1.9,1.44,0.46
924,Jared Goff,4,13.72,13.28,0.44
1411,Matthew Golden,4,11.3,10.86,0.44
1739,Tai Felton,3,1.9,1.46,0.44
1127,Julius Chestnut,3,2.6,2.16,0.44
669,Emeka Egbuka,2,12.9,12.46,0.44
608,Drake Maye,3,21.22,20.78,0.44
357,Christopher Brooks,2,5.7,5.27,0.43
823,Jacob Saylors,4,1.1,0.67,0.43
1935,Tyler Conklin,5,5.0,4.57,0.43
1693,Saquon Barkley,4,17.4,16.97,0.43
763,Ian Thomas,5,5.0,4.57,0.43
480,Darnell Washington,7,9.2,8.77,0.43
997,Jeremy Ruckert,4,2.2,1.78,0.42
1989,Van Jefferson,3,1.8,1.38,0.42
301,Charlie Kolar,5,2.0,1.58,0.42
1436,Michael Penix Jr.,6,14.6,14.18,0.42
917,Jameson Williams,3,6.3,5.89,0.41
718,Greg Dortch,5,3.2,2.79,0.41
60,Allen Lazard,4,1.8,1.39,0.41
453,Daniel Bellinger,1,2.4,1.99,0.41
893,Jalen Tolbert,6,1.8,1.4,0.4
45,Adonai Mitchell,7,1.8,1.4,0.4
1666,Ryan Flournoy,4,4.6,4.2,0.4
1586,RJ Harvey,6,6.5,6.11,0.39
83,Andrei Iosivas,7,7.9,7.51,0.39
646,Elijah Arroyo,5,2.0,1.61,0.39
715,Greg Dortch,2,2.1,1.72,0.38
1458,Mike Gesicki,4,1.8,1.42,0.38
539,DeVonta Smith,1,4.6,4.22,0.38
1351,Malik Heath,4,1.9,1.52,0.38
2007,Will Shipley,7,1.7,1.32,0.38
998,Jeremy Ruckert,5,6.8,6.42,0.38
1374,Marquez Valdes-Scantling,3,1.9,1.52,0.38
1916,Tyjae Spears,6,9.0,8.62,0.38
435,Dallas Goedert,1,11.4,11.03,0.37
222,Bryce Oliver,1,1.8,1.43,0.37
1164,KaVontae Turpin,1,4.7,4.34,0.36
1680,Sam LaPorta,3,7.3,6.94,0.36
1415,Matthew Stafford,2,18.32,17.97,0.35
1270,Kyle Williams,3,1.8,1.45,0.35
571,Devaughn Vele,5,3.3,2.95,0.35
1991,Van Jefferson,6,11.5,11.15,0.35
1721,Stefon Diggs,3,5.3,4.96,0.34
1313,Luke Farrell,7,2.1,1.77,0.33
898,Jamari Thrash,1,1.6,1.27,0.33
1232,Keon Coleman,4,7.5,7.17,0.33
1403,Mason Taylor,4,11.5,11.17,0.33
1416,Matthew Stafford,3,14.84,14.52,0.32
1741,Tank Bigsby,7,2.0,1.68,0.32
1036,Johnny Mundt,3,1.7,1.38,0.32
1776,Tez Johnson,4,2.3,1.98,0.32
1465,Mitchell Evans,2,1.9,1.58,0.32
1797,Tommy Tremble,3,3.6,3.29,0.31
261,Calvin Austin,4,3.3,2.99,0.31
114,Austin Hooper,1,2.0,1.7,0.3
947,Jaxson Dart,3,0.3,0.0,0.3
1704,Scotty Miller,7,1.9,1.6,0.3
224,Bryce Young,2,26.32,26.02,0.3
1634,Ricky Pearsall,4,8.6,8.31,0.29
308,Chase Brown,4,10.1,9.81,0.29
234,Bucky Irving,1,14.5,14.21,0.29
217,Brock Bowers,4,9.6,9.31,0.29
476,Darnell Mooney,7,9.8,9.52,0.28
1847,Tre Tucker,7,8.3,8.02,0.28
1378,Marquise Brown,2,8.0,7.72,0.28
1257,Kyle Monangai,1,2.1,1.82,0.28
1749,Tay Martin,5,1.9,1.62,0.28
1829,Travis Kelce,2,10.1,9.82,0.28
853,Jake Ferguson,3,21.2,20.92,0.28
1708,Skyy Moore,3,2.0,1.73,0.27
651,Elijah Higgins,5,3.0,2.73,0.27
1613,Rashod Bateman,6,1.8,1.53,0.27
877,Jalen Hurts,6,21.62,21.35,0.27
1836,Tre Harris,2,5.4,5.14,0.26
787,Isiah Pacheco,5,8.6,8.34,0.26
1264,Kyle Pitts,2,7.7,7.44,0.26
1451,Michael Wilson,7,7.0,6.74,0.26
34,Adam Thielen,4,3.1,2.85,0.25
1099,Josh Oliver,7,1.9,1.65,0.25
643,Elijah Arroyo,2,5.1,4.85,0.25
1302,LeQuint Allen,4,1.7,1.45,0.25
364,Chuba Hubbard,4,9.9,9.65,0.25
986,Jaylin Noel,3,1.4,1.15,0.25
817,Jack Stoll,4,1.7,1.45,0.25
0,A.J. Brown,1,1.8,1.56,0.24
2015,Xavier Hutchinson,3,4.6,4.36,0.24
1700,Savion Williams,4,5.3,5.07,0.23
789,Isiah Pacheco,7,12.4,12.17,0.23
760,Hunter Renfrow,4,3.0,2.77,0.23
1255,Kyle Juszczyk,6,1.9,1.67,0.23
232,Brycen Tremayne,4,6.6,6.37,0.23
801,Ja'Marr Chase,3,9.9,9.68,0.22
381,Connor Heyward,2,1.6,1.38,0.22
1466,Mitchell Evans,3,1.9,1.68,0.22
103,Ashton Dulin,4,2.8,2.58,0.22
794,J.K. Dobbins,5,15.4,15.19,0.21
1033,John Metchie,3,1.8,1.59,0.21
547,Dee Eskridge,2,1.8,1.59,0.21
1508,Noah Fant,6,6.7,6.49,0.21
1150,Justin Jefferson,2,11.1,10.89,0.21
265,Calvin Ridley,4,5.0,4.8,0.2
642,Elijah Arroyo,1,1.7,1.5,0.2
1575,Quinshon Judkins,2,10.1,9.9,0.2
1537,Oronde Gadsden,6,12.8,12.61,0.19
376,Colston Loveland,1,3.2,3.01,0.19
1681,Sam LaPorta,4,6.9,6.71,0.19
995,Jeremy Ruckert,1,3.6,3.42,0.18
440,Dallas Goedert,7,4.8,4.62,0.18
820,Jackson Hawes,2,1.5,1.33,0.17
417,DJ Moore,2,9.6,9.44,0.16
1864,Trevor Lawrence,2,21.24,21.08,0.16
1990,Van Jefferson,4,1.6,1.44,0.16
1663,Russell Wilson,4,0.32,0.16,0.16
328,Chris Manhertz,3,1.7,1.54,0.16
1095,Josh Oliver,1,1.5,1.34,0.16
160,Bo Nix,5,17.88,17.72,0.16
48,Alec Ingold,2,3.3,3.15,0.15
1523,Ollie Gordon,2,2.3,2.15,0.15
1900,Tucker Kraft,3,5.9,5.76,0.14
1823,Travis Hunter,3,3.1,2.96,0.14
1475,Mo Alie-Cox,2,1.8,1.66,0.14
28,Adam Prentice,5,0.8,0.66,0.14
1072,Jordan Whittington,4,1.7,1.56,0.14
1209,Kendre Miller,7,0.7,0.56,0.14
836,Jahan Dotson,2,1.4,1.26,0.14
1031,John FitzPatrick,7,1.6,1.47,0.13
769,Isaiah Bond,1,1.5,1.37,0.13
1034,John Metchie,4,3.0,2.87,0.13
401,Courtland Sutton,7,16.7,16.58,0.12
85,Andrew Beck,6,1.6,1.48,0.12
524,De'Von Achane,5,16.6,16.49,0.11
903,Jamari Thrash,7,3.3,3.19,0.11
1215,Kendrick Bourne,7,3.4,3.29,0.11
1205,Kendre Miller,3,5.6,5.5,0.1
633,Dylan Sampson,6,4.4,4.31,0.09
734,Harold Fannin,7,7.6,7.51,0.09
1038,Johnny Mundt,5,1.7,1.61,0.09
1320,Luke Musgrave,1,1.4,1.31,0.09
454,Daniel Bellinger,3,1.6,1.52,0.08
650,Elijah Higgins,3,1.7,1.62,0.08
478,Darnell Washington,4,5.0,4.93,0.07
1659,Roschon Johnson,7,1.1,1.03,0.07
518,Dawson Knox,5,3.5,3.43,0.07
112,Austin Ekeler,1,8.7,8.63,0.07
57,Alex Bachman,5,1.9,1.84,0.06
1073,Jordan Whittington,5,5.3,5.24,0.06
1745,Tanner Conner,6,1.8,1.75,0.05
477,Darnell Washington,2,2.0,1.95,0.05
2001,Will Dissly,2,1.7,1.65,0.05
29,Adam Prentice,6,0.3,0.25,0.05
1845,Tre Tucker,5,11.1,11.05,0.05
1480,Najee Harris,3,2.8,2.76,0.04
270,Cam Grandy,3,1.6,1.56,0.04
989,Jeremy McNichols,1,2.5,2.46,0.04
26,Adam Prentice,1,1.4,1.36,0.04
185,Breece Hall,4,16.1,16.06,0.04
128,Ben Sinnott,2,1.7,1.67,0.03
498,David Moore,3,1.5,1.47,0.03
653,Elijah Higgins,7,1.3,1.27,0.03
1367,Mark Andrews,1,1.5,1.48,0.02
1904,Tutu Atwell,1,1.4,1.38,0.02
116,Austin Hooper,3,4.8,4.78,0.02
387,Cooper Kupp,3,5.1,5.08,0.02
1858,Trevor Etienne,1,0.4,0.39,0.01
1094,Josh Karty,3,0.0,0.0,0.0
17,AJ Dillon,6,4.0,4.0,0.0
683,G.Bolles,7,0.0,0.0,0.0
195,Brett Rypien,3,0.0,0.0,0.0
1934,Tyler Conklin,4,1.3,1.3,0.0
1658,Roschon Johnson,6,0.6,0.6,0.0
1399,Mason Rudolph,6,0.0,0.0,0.0
654,Elijah Moore,1,2.1,2.11,-0.01
750,Hunter Long,5,1.3,1.31,-0.01
1322,Luke Musgrave,4,1.6,1.63,-0.03
574,Devin Singletary,1,0.9,0.93,-0.03
1986,Tyson Bagent,2,1.78,1.81,-0.03
580,Devin Singletary,7,0.2,0.24,-0.04
1844,Tre Tucker,4,4.2,4.24,-0.04
717,Greg Dortch,4,7.9,7.94,-0.04
2004,Will Shipley,1,2.6,2.64,-0.04
421,DJ Moore,7,8.2,8.24,-0.04
1946,Tyler Johnson,3,5.2,5.25,-0.05
1886,Troy Franklin,5,8.5,8.56,-0.06
213,British Brooks,5,1.5,1.57,-0.07
1121,Julian Hill,3,1.4,1.47,-0.07
1110,Joshua Palmer,4,4.5,4.57,-0.07
561,Derius Davis,1,0.3,0.38,-0.08
448,Dalton Schultz,3,8.9,8.98,-0.08
1275,Kylen Granson,2,1.5,1.58,-0.08
1428,Michael Mayer,2,2.9,2.98,-0.08
722,Gunnar Heim,2,2.9,2.98,-0.08
154,Blake Whiteheart,7,1.4,1.48,-0.08
172,Brandin Cooks,5,1.5,1.58,-0.08
965,Jaydon Blue,7,4.4,4.49,-0.09
957,Jayden Higgins,1,5.2,5.29,-0.09
1326,Luke Schoonmaker,3,1.5,1.59,-0.09
1611,Rashod Bateman,4,3.4,3.49,-0.09
2033,Zach Charbonnet,4,12.4,12.5,-0.1
1510,Noah Gray,1,1.3,1.4,-0.1
808,Ja'Tavion Sanders,3,3.1,3.2,-0.1
1251,Kyle Juszczyk,2,1.5,1.6,-0.1
899,Jamari Thrash,2,1.5,1.6,-0.1
764,Ian Thomas,6,1.4,1.51,-0.11
778,Isaiah Davis,5,6.3,6.41,-0.11
245,CJ Ham,7,1.5,1.62,-0.12
959,Jayden Higgins,3,1.5,1.62,-0.12
1109,Joshua Palmer,3,1.5,1.63,-0.13
14,AJ Dillon,2,1.9,2.03,-0.13
36,Adam Trautman,1,1.5,1.63,-0.13
447,Dalton Schultz,2,5.9,6.04,-0.14
2021,Xavier Legette,6,3.1,3.24,-0.14
118,Austin Hooper,6,1.5,1.65,-0.15
756,Hunter Luepke,7,1.3,1.45,-0.15
919,Jameson Williams,5,2.0,2.15,-0.15
327,Chris Godwin,5,5.6,5.75,-0.15
2045,Zaire Mitchell,5,1.3,1.46,-0.16
155,Bo Melton,6,0.3,0.46,-0.16
1597,Raheem Mostert,7,1.2,1.36,-0.16
2010,Woody Marks,3,4.6,4.77,-0.17
1277,Kyler Murray,2,15.0,15.17,-0.17
197,Brevyn Spann-Ford,2,1.3,1.47,-0.17
2014,Xavier Hutchinson,2,4.9,5.08,-0.18
1405,Mason Taylor,6,1.2,1.38,-0.18
1327,Luke Schoonmaker,4,2.8,2.98,-0.18
952,Jayden Daniels,1,20.12,20.31,-0.19
1859,Trevor Etienne,2,1.2,1.39,-0.19
1303,LeQuint Allen,6,2.2,2.39,-0.19
1421,Max Brosmer,3,1.16,1.35,-0.19
1506,Noah Fant,2,5.8,5.99,-0.19
198,Brevyn Spann-Ford,6,1.2,1.4,-0.2
509,Davis Allen,3,1.3,1.5,-0.2
880,Jalen Milroe,3,0.3,0.5,-0.2
1122,Julian Hill,4,2.9,3.1,-0.2
166,Braelon Allen,3,6.7,6.9,-0.2
1304,LeQuint Allen,7,1.4,1.61,-0.21
1167,KaVontae Turpin,4,6.4,6.62,-0.22
659,Emanuel Wilson,1,0.4,0.62,-0.22
1988,Van Jefferson,2,3.0,3.22,-0.22
727,Gunnar Heim,7,7.6,7.82,-0.22
287,Carson Wentz,5,14.74,14.97,-0.23
1957,Tyler Warren,1,14.9,15.13,-0.23
1958,Tyler Warren,2,11.9,12.13,-0.23
831,Jacory Croskey-Merritt,4,7.7,7.94,-0.24
681,Feleipe Franks,6,0.2,0.44,-0.24
1032,John Metchie,2,1.0,1.24,-0.24
1518,Olamide Zaccheaus,3,6.6,6.84,-0.24
859,Jake Tonges,2,7.1,7.34,-0.24
1281,Kyren Williams,1,13.9,14.14,-0.24
720,Greg Dortch,7,2.5,2.75,-0.25
1478,Najee Harris,1,2.0,2.26,-0.26
1795,Tommy Tremble,1,1.2,1.46,-0.26
1702,Scott Matlock,4,1.1,1.36,-0.26
1687,Samaje Perine,5,4.9,5.17,-0.27
218,Brock Purdy,1,18.78,19.05,-0.27
1309,Luke Farrell,1,1.4,1.67,-0.27
1685,Samaje Perine,3,1.1,1.37,-0.27
1930,Tyler Badie,5,2.6,2.87,-0.27
358,Christopher Brooks,4,1.1,1.38,-0.28
1626,Rhamondre Stevenson,3,6.6,6.88,-0.28
1493,Nick Westbrook,4,1.1,1.39,-0.29
1299,LeQuint Allen,1,2.1,2.39,-0.29
1485,Nathan Carter,3,3.6,3.89,-0.29
1450,Michael Wilson,6,8.4,8.7,-0.3
1311,Luke Farrell,4,3.0,3.3,-0.3
946,Jaxson Dart,2,-0.3,0.0,-0.3
1855,Trent Sherfield,1,1.3,1.6,-0.3
1029,John FitzPatrick,1,1.2,1.5,-0.3
1084,Josh Downs,3,5.4,5.71,-0.31
1588,Rachaad White,1,2.6,2.91,-0.31
1519,Olamide Zaccheaus,4,9.1,9.41,-0.31
1735,T.J. Hockenson,4,7.9,8.21,-0.31
193,Brenton Strange,4,10.5,10.81,-0.31
1710,Skyy Moore,5,0.1,0.42,-0.32
825,Jacoby Brissett,5,0.0,0.32,-0.32
1604,Rashid Shaheed,4,9.2,9.52,-0.32
354,Christian McCaffrey,6,24.1,24.43,-0.33
796,J.K. Dobbins,7,9.0,9.33,-0.33
465,Dare Ogunbowale,1,3.6,3.93,-0.33
2039,Zach Ertz,4,6.1,6.43,-0.33
712,Grant Calcaterra,4,2.6,2.93,-0.33
486,Davante Adams,3,14.6,14.93,-0.33
1979,Tyrod Taylor,3,18.68,19.01,-0.33
624,Dyami Brown,7,7.0,7.34,-0.34
1788,Tim Patrick,4,0.9,1.25,-0.35
2059,Zay Jones,1,1.4,1.75,-0.35
1513,Noah Gray,4,1.1,1.46,-0.36
572,Devin Neal,1,0.9,1.27,-0.37
359,Christopher Brooks,6,0.1,0.47,-0.37
1583,RJ Harvey,3,4.6,4.97,-0.37
935,Javonte Williams,3,13.2,13.57,-0.37
1617,Ray Davis,4,0.3,0.68,-0.38
730,Harold Fannin,3,5.5,5.89,-0.39
513,Davis Allen,7,1.4,1.79,-0.39
657,Elijah Moore,4,0.0,0.4,-0.4
1256,Kyle Juszczyk,7,1.8,2.21,-0.41
501,David Njoku,2,8.0,8.41,-0.41
1188,Kayshon Boutte,3,4.8,5.21,-0.41
725,Gunnar Heim,5,7.4,7.82,-0.42
1274,Kylen Granson,1,1.1,1.53,-0.43
1422,Max Brosmer,5,-0.1,0.33,-0.43
992,Jeremy McNichols,5,2.8,3.23,-0.43
1300,LeQuint Allen,2,1.3,1.74,-0.44
1039,Johnny Mundt,6,2.4,2.84,-0.44
584,Dillon Gabriel,4,0.0,0.44,-0.44
824,Jacoby Brissett,2,0.2,0.64,-0.44
1753,Tee Higgins,1,6.3,6.74,-0.44
334,Chris Moore,7,7.9,8.35,-0.45
782,Isaiah Likely,6,2.6,3.05,-0.45
1600,Rasheen Ali,1,0.5,0.95,-0.45
1423,Michael Carter,4,0.1,0.55,-0.45
1856,Trent Sherfield,2,1.3,1.76,-0.46
2049,Zavier Scott,3,6.0,6.46,-0.46
388,Cooper Kupp,4,6.6,7.06,-0.46
1664,Russell Wilson,6,0.0,0.46,-0.46
1024,Joe Flacco,6,18.76,19.23,-0.47
1937,Tyler Goodson,4,1.0,1.47,-0.47
630,Dylan Sampson,3,0.2,0.67,-0.47
1550,Pat Freiermuth,2,6.1,6.57,-0.47
1993,Wan'Dale Robinson,1,11.5,11.97,-0.47
573,Devin Neal,7,0.1,0.58,-0.48
1705,Sean Tucker,1,0.2,0.68,-0.48
1738,Tahj Brooks,3,1.7,2.18,-0.48
645,Elijah Arroyo,4,6.4,6.89,-0.49
1684,Samaje Perine,1,2.6,3.09,-0.49
634,Dylan Sampson,7,2.7,3.19,-0.49
1177,Kameron Johnson,5,0.2,0.69,-0.49
338,Chris Olave,4,10.0,10.5,-0.5
510,Davis Allen,4,1.0,1.5,-0.5
147,Blake Corum,3,5.3,5.81,-0.51
617,Drew Sample,5,0.9,1.41,-0.51
86,Andy Dalton,3,-0.1,0.41,-0.51
1701,Savion Williams,6,0.3,0.81,-0.51
174,Brandin Cooks,7,1.3,1.81,-0.51
1801,Tommy Tremble,7,1.0,1.51,-0.51
1848,TreVeyon Henderson,1,11.1,11.62,-0.52
2046,Zamir White,1,0.8,1.32,-0.52
153,Blake Whiteheart,6,1.0,1.52,-0.52
982,Jaylin Lane,5,2.6,3.12,-0.52
1089,Josh Jacobs,2,14.4,14.93,-0.53
16,AJ Dillon,5,1.2,1.73,-0.53
89,Anthony Gould,7,1.3,1.83,-0.53
1484,Nate Adkins,7,4.0,4.53,-0.53
91,Anthony Richardson,5,2.26,2.8,-0.54
1015,Jimmy Horn,5,5.1,5.64,-0.54
1678,Sam LaPorta,1,13.9,14.45,-0.55
1861,Trevor Etienne,5,3.9,4.45,-0.55
168,Brandin Cooks,1,5.6,6.15,-0.55
627,Dylan Laube,7,1.4,1.96,-0.56
746,Hunter Henry,7,7.3,7.86,-0.56
1757,Tee Higgins,5,11.2,11.76,-0.56
1665,Ryan Flournoy,3,4.1,4.67,-0.57
1006,Jerome Ford,7,3.0,3.58,-0.58
5,A.J. Brown,6,14.0,14.59,-0.59
1439,Michael Pittman Jr.,2,8.0,8.59,-0.59
1503,Noah Brown,1,4.7,5.29,-0.59
1069,Jordan Whittington,1,0.5,1.1,-0.6
179,Brashard Smith,6,5.1,5.7,-0.6
575,Devin Singletary,2,1.0,1.61,-0.61
2060,Zay Jones,3,4.5,5.11,-0.61
675,Evan Engram,1,5.1,5.71,-0.61
966,Jaylen Waddle,1,7.0,7.61,-0.61
98,Arian Smith,3,2.2,2.82,-0.62
879,Jalen Milroe,1,0.1,0.72,-0.62
538,DeMario Douglas,7,4.7,5.33,-0.63
1170,Kaleb Johnson,2,0.1,0.73,-0.63
1808,Tony Pollard,7,12.1,12.73,-0.63
361,Chuba Hubbard,1,17.9,18.53,-0.63
414,DJ Giddens,3,0.3,0.94,-0.64
1169,Kaleb Johnson,1,-0.2,0.44,-0.64
839,Jahan Dotson,6,2.7,3.35,-0.65
1476,Mo Alie-Cox,6,2.6,3.25,-0.65
1246,Kirk Cousins,3,1.16,1.81,-0.65
1959,Tyler Warren,3,6.8,7.46,-0.66
704,George Pickens,1,6.0,6.66,-0.66
891,Jalen Tolbert,4,10.1,10.76,-0.66
1697,Savion Williams,1,1.1,1.77,-0.67
1195,Keaton Mitchell,5,2.3,2.97,-0.67
1052,Jonnu Smith,6,5.8,6.47,-0.67
1720,Stefon Diggs,2,7.2,7.88,-0.68
382,Connor Heyward,4,0.2,0.88,-0.68
1331,Luther Burden,1,0.7,1.38,-0.68
714,Greg Dortch,1,0.8,1.48,-0.68
1431,Michael Mayer,7,2.0,2.68,-0.68
19,Aaron Jones,2,2.3,2.98,-0.68
27,Adam Prentice,4,0.4,1.09,-0.69
1679,Sam LaPorta,2,5.6,6.29,-0.69
1271,Kyle Williams,4,-0.2,0.5,-0.7
247,Cade Otton,2,5.5,6.2,-0.7
806,Ja'Tavion Sanders,1,4.7,5.4,-0.7
1545,Pat Bryant,2,3.8,4.52,-0.72
1346,Mack Hollins,6,4.8,5.52,-0.72
1771,Tetairoa McMillan,5,13.3,14.03,-0.73
1233,Keon Coleman,5,11.3,12.03,-0.73
1185,Kareem Hunt,7,1.8,2.53,-0.73
1567,Puka Nacua,6,4.8,5.53,-0.73
54,Alec Pierce,6,6.8,7.54,-0.74
536,DeMario Douglas,5,3.7,4.45,-0.75
1987,Ulysses Bentley,1,0.0,0.75,-0.75
1913,Ty Johnson,5,1.0,1.75,-0.75
751,Hunter Long,6,3.9,4.65,-0.75
1920,Tylan Wallace,4,2.4,3.16,-0.76
1743,Tanner Conner,3,2.3,3.06,-0.76
1162,Juwan Johnson,6,2.5,3.27,-0.77
1203,Kendre Miller,1,2.4,3.17,-0.77
230,Brycen Tremayne,2,7.8,8.57,-0.77
752,Hunter Long,7,3.6,4.38,-0.78
739,Hassan Haskins,7,2.5,3.28,-0.78
676,Evan Engram,2,2.2,2.98,-0.78
402,Craig Reynolds,2,0.4,1.18,-0.78
135,Bhayshul Tuten,4,3.2,3.99,-0.79
1614,Ray Davis,1,1.1,1.9,-0.8
1134,Justice Hill,5,2.2,3.0,-0.8
1912,Ty Johnson,4,0.0,0.8,-0.8
716,Greg Dortch,3,2.8,3.6,-0.8
553,Deebo Samuel,3,4.9,5.71,-0.81
930,Jauan Jennings,4,6.4,7.21,-0.81
1470,Mitchell Evans,7,4.4,5.21,-0.81
1454,Mike Evans,3,13.3,14.13,-0.83
1492,Nick Westbrook,2,3.8,4.63,-0.83
204,Brian Robinson,6,3.8,4.63,-0.83
882,Jalen Nailor,1,3.8,4.64,-0.84
1882,Troy Franklin,1,8.4,9.24,-0.84
312,Chig Okonkwo,1,4.9,5.74,-0.84
227,Bryce Young,5,14.02,14.86,-0.84
1074,Jordan Whittington,6,5.3,6.14,-0.84
1260,Kyle Monangai,4,1.8,2.65,-0.85
427,DK Metcalf,7,8.0,8.86,-0.86
777,Isaiah Davis,4,4.7,5.56,-0.86
1406,Mason Taylor,7,6.1,6.96,-0.86
1014,Jimmy Garoppolo,7,-0.3,0.57,-0.87
1443,Michael Pittman Jr.,6,4.0,4.87,-0.87
1355,Malik Nabers,4,4.0,4.87,-0.87
1780,Theo Johnson,2,7.4,8.28,-0.88
588,Dont'e Thornton,1,6.5,7.38,-0.88
662,Emanuel Wilson,6,1.7,2.58,-0.88
1982,Tyrone Tracy,2,9.1,9.98,-0.88
1044,Jonathan Taylor,4,14.6,15.49,-0.89
1854,TreVeyon Henderson,7,0.5,1.39,-0.89
411,D'Ernest Johnson,7,0.0,0.89,-0.89
137,Bhayshul Tuten,6,4.8,5.69,-0.89
353,Christian McCaffrey,5,27.9,28.79,-0.89
292,Casey Washington,7,2.7,3.6,-0.9
150,Blake Corum,6,2.3,3.21,-0.91
303,Charlie Woerner,3,0.5,1.42,-0.92
987,Jaylin Noel,4,1.0,1.92,-0.92
1371,Mark Andrews,5,4.2,5.13,-0.93
613,Drew Lock,3,0.5,1.43,-0.93
1284,Kyren Williams,4,11.4,12.34,-0.94
263,Calvin Ridley,2,8.7,9.64,-0.94
1690,Saquon Barkley,1,18.4,19.34,-0.94
1585,RJ Harvey,5,6.0,6.95,-0.95
1376,Marquez Valdes-Scantling,6,4.2,5.15,-0.95
1207,Kendre Miller,5,5.9,6.86,-0.96
1085,Josh Downs,4,6.4,7.36,-0.96
161,Bo Nix,6,13.36,14.32,-0.96
1100,Josh Reynolds,1,3.8,4.77,-0.97
2016,Xavier Hutchinson,4,3.7,4.67,-0.97
1936,Tyler Goodson,3,0.6,1.57,-0.97
1249,Kyle Allen,4,-0.2,0.78,-0.98
322,Chimere Dike,4,-0.4,0.58,-0.98
1507,Noah Fant,3,6.6,7.58,-0.98
1159,Juwan Johnson,3,11.1,12.08,-0.98
862,Jake Tonges,5,17.1,18.09,-0.99
557,Demarcus Robinson,4,3.0,3.99,-0.99
32,Adam Thielen,2,4.6,5.59,-0.99
753,Hunter Luepke,4,0.6,1.6,-1.0
860,Jake Tonges,3,4.1,5.1,-1.0
615,Drew Sample,2,1.7,2.7,-1.0
356,Christopher Brooks,1,1.3,2.31,-1.01
985,Jaylin Noel,1,1.7,2.72,-1.02
827,Jacoby Brissett,7,20.76,21.79,-1.03
1732,T.J. Hockenson,1,4.5,5.53,-1.03
93,Antonio Gibson,2,3.8,4.84,-1.04
1267,Kyle Pitts,6,4.8,5.85,-1.05
380,Colston Loveland,7,5.4,6.45,-1.05
1396,Marvin Mims,6,4.8,5.85,-1.05
1943,Tyler Huntley,6,6.62,7.67,-1.05
46,Albert Okwuegbunam,5,8.6,9.66,-1.06
1117,JuJu Smith-Schuster,5,3.7,4.77,-1.07
1857,Trent Sherfield,5,2.5,3.57,-1.07
1533,Omarion Hampton,5,13.0,14.07,-1.07
529,DeAndre Hopkins,3,2.3,3.37,-1.07
1924,Tyler Allgeier,4,11.1,12.17,-1.07
1231,Keon Coleman,3,5.0,6.08,-1.08
94,Antonio Gibson,3,2.8,3.88,-1.08
1807,Tony Pollard,6,6.7,7.79,-1.09
1578,Quinshon Judkins,5,16.8,17.89,-1.09
1956,Tyler Shough,3,0.0,1.09,-1.09
1535,Oronde Gadsden,4,3.6,4.69,-1.09
1145,Justin Herbert,4,14.52,15.63,-1.11
550,DeeJay Dallas,6,0.0,1.12,-1.12
894,Jalen Tolbert,7,2.6,3.73,-1.13
294,Cedric Tillman,2,10.2,11.33,-1.13
51,Alec Pierce,1,4.6,5.73,-1.13
721,Gunnar Heim,1,2.6,3.74,-1.14
35,Adam Thielen,7,2.0,3.14,-1.14
1063,Jordan Mason,1,8.5,9.64,-1.14
686,Gardner Minshew,4,-0.3,0.85,-1.15
1761,Terrance Ferguson,6,0.0,1.16,-1.16
993,Jeremy McNichols,6,6.5,7.66,-1.16
2062,Zay Jones,6,12.9,14.08,-1.18
340,Chris Olave,6,15.8,17.0,-1.2
711,Grant Calcaterra,2,1.6,2.81,-1.21
1495,Nick Westbrook,7,4.6,5.81,-1.21
1238,Khalil Shakir,2,2.2,3.42,-1.22
2055,Zay Flowers,3,3.3,4.52,-1.22
810,Jacardia Wright,3,2.0,3.22,-1.22
209,Brian Thomas,4,10.6,11.82,-1.22
1002,Jerome Ford,3,5.0,6.23,-1.23
1689,Samaje Perine,7,3.1,4.34,-1.24
579,Devin Singletary,6,1.0,2.24,-1.24
748,Hunter Long,3,3.2,4.44,-1.24
1004,Jerome Ford,5,5.8,7.05,-1.25
1929,Tyler Badie,4,2.1,3.35,-1.25
1860,Trevor Etienne,4,3.3,4.56,-1.26
1184,Kareem Hunt,6,4.4,5.66,-1.26
1077,Josh Allen,2,11.82,13.08,-1.26
726,Gunnar Heim,6,3.5,4.77,-1.27
1279,Kyler Murray,4,18.1,19.37,-1.27
1873,Trey Benson,4,10.4,11.67,-1.27
96,Antonio Gibson,5,3.6,4.87,-1.27
1686,Samaje Perine,4,0.4,1.68,-1.28
2008,Woody Marks,1,0.3,1.58,-1.28
1082,Josh Downs,1,3.2,4.48,-1.28
887,Jalen Nailor,7,5.7,6.98,-1.28
138,Bhayshul Tuten,7,2.2,3.49,-1.29
762,Hunter Renfrow,6,1.7,2.99,-1.29
13,AJ Dillon,1,1.0,2.3,-1.3
1926,Tyler Allgeier,7,1.6,2.9,-1.3
1699,Savion Williams,3,-0.1,1.2,-1.3
177,Brashard Smith,4,6.6,7.9,-1.3
300,Charlie Kolar,3,4.2,5.51,-1.31
2051,Zavier Scott,5,0.8,2.11,-1.31
1838,Tre Harris,4,0.0,1.31,-1.31
1429,Michael Mayer,3,0.0,1.31,-1.31
503,David Njoku,4,3.1,4.42,-1.32
1781,Theo Johnson,3,2.0,3.32,-1.32
1915,Tyjae Spears,5,1.4,2.72,-1.32
62,Allen Lazard,7,3.6,4.93,-1.33
391,Cooper Rush,2,-0.4,0.93,-1.33
1862,Trevor Etienne,6,1.7,3.05,-1.35
1307,Lucas Krull,1,1.6,2.95,-1.35
1228,Kenny Pickett,7,-0.68,0.67,-1.35
569,Devaughn Vele,1,2.3,3.65,-1.35
1356,Malik Turner,5,0.0,1.35,-1.35
1755,Tee Higgins,3,2.5,3.85,-1.35
324,Chimere Dike,6,2.8,4.15,-1.35
297,CeeDee Lamb,1,21.0,22.35,-1.35
442,Dalton Kincaid,2,7.7,9.06,-1.36
385,Cooper Kupp,1,3.5,4.87,-1.37
978,Jaylin Lane,1,2.1,3.47,-1.37
1479,Najee Harris,2,6.8,8.17,-1.37
1491,Nick Westbrook,1,1.7,3.08,-1.38
1695,Saquon Barkley,6,8.7,10.09,-1.39
56,Alex Bachman,1,0.0,1.4,-1.4
963,Jaydon Blue,5,0.7,2.11,-1.41
2005,Will Shipley,4,0.0,1.41,-1.41
313,Chig Okonkwo,2,7.5,8.91,-1.41
1221,Kenneth Gainwell,7,3.5,4.92,-1.42
1571,Quentin Johnston,3,14.9,16.33,-1.43
347,Christian Kirk,4,5.0,6.43,-1.43
1494,Nick Westbrook,6,0.0,1.43,-1.43
540,DeVonta Smith,2,9.3,10.75,-1.45
1086,Josh Downs,5,11.4,12.85,-1.45
1794,Tip Reiman,5,0.0,1.45,-1.45
1017,Jimmy Horn,7,2.5,3.95,-1.45
446,Dalton Schultz,1,5.8,7.25,-1.45
1175,Kalif Raymond,3,1.4,2.86,-1.46
1561,Payne Durham,2,0.0,1.46,-1.46
1752,Taysom Hill,7,2.8,4.27,-1.47
981,Jaylin Lane,4,3.8,5.27,-1.47
999,Jeremy Ruckert,7,0.0,1.47,-1.47
1173,Kalif Raymond,1,3.6,5.07,-1.47
225,Bryce Young,3,11.64,13.12,-1.48
167,Braelon Allen,4,1.6,3.08,-1.48
1482,Nate Adkins,5,0.0,1.48,-1.48
413,DJ Giddens,2,0.0,1.48,-1.48
2006,Will Shipley,5,1.4,2.88,-1.48
1414,Matthew Stafford,1,13.6,15.08,-1.48
1211,Kendrick Bourne,3,7.8,9.29,-1.49
165,Braelon Allen,2,1.1,2.59,-1.49
1618,Ray Davis,5,0.1,1.59,-1.49
912,James Cook,6,8.7,10.2,-1.5
744,Hunter Henry,5,6.6,8.1,-1.5
1481,Nate Adkins,4,2.5,4.0,-1.5
1176,Kalif Raymond,4,3.3,4.81,-1.51
1035,Johnny Mundt,1,0.0,1.51,-1.51
49,Alec Ingold,5,0.0,1.51,-1.51
614,Drew Sample,1,0.0,1.51,-1.51
1799,Tommy Tremble,5,1.7,3.21,-1.51
304,Charlie Woerner,7,0.0,1.52,-1.52
1477,Mo Alie-Cox,7,1.6,3.12,-1.52
1947,Tyler Johnson,6,0.0,1.53,-1.53
660,Emanuel Wilson,3,2.5,4.03,-1.53
415,DJ Giddens,5,2.2,3.74,-1.54
1472,Mitchell Tinsley,3,0.0,1.54,-1.54
576,Devin Singletary,3,1.1,2.65,-1.55
1643,Roman Wilson,2,1.7,3.25,-1.55
1312,Luke Farrell,5,1.8,3.35,-1.55
1905,Tutu Atwell,2,0.0,1.55,-1.55
1917,Tyjae Spears,7,7.0,8.55,-1.55
229,Bryce Young,7,10.52,12.07,-1.55
984,Jaylin Lane,7,9.0,10.55,-1.55
1426,Michael Carter,7,5.6,7.15,-1.55
1824,Travis Hunter,4,7.2,8.76,-1.56
1308,Lucas Krull,3,1.9,3.46,-1.56
1447,Michael Wilson,3,1.5,3.06,-1.56
181,Brayden Willis,2,0.0,1.56,-1.56
1923,Tyler Allgeier,3,1.4,2.96,-1.56
420,DJ Moore,6,8.2,9.76,-1.56
566,Derrick Henry,4,7.8,9.37,-1.57
1839,Tre Harris,6,6.7,8.27,-1.57
379,Colston Loveland,6,3.1,4.67,-1.57
736,Harrison Bryant,5,1.5,3.07,-1.57
452,Dameon Pierce,5,2.1,3.67,-1.57
1950,Tyler Lockett,2,2.9,4.47,-1.57
302,Charlie Kolar,6,0.0,1.58,-1.58
964,Jaydon Blue,6,0.0,1.58,-1.58
780,Isaiah Davis,7,5.2,6.78,-1.58
171,Brandin Cooks,4,5.2,6.78,-1.58
1891,Tua Tagovailoa,3,13.84,15.43,-1.59
1334,Luther Burden,4,1.6,3.19,-1.59
1336,Luther Burden,7,3.1,4.7,-1.6
1709,Skyy Moore,4,0.0,1.61,-1.61
2040,Zach Ertz,5,0.0,1.61,-1.61
1774,Tez Johnson,1,0.0,1.61,-1.61
562,Derius Davis,3,-0.8,0.83,-1.63
1897,Tucker Fisk,4,0.0,1.63,-1.63
814,Jack Bech,6,0.0,1.63,-1.63
1342,Mack Hollins,1,1.3,2.93,-1.63
1740,Tank Bigsby,1,1.2,2.84,-1.64
1051,Jonnu Smith,4,2.6,4.24,-1.64
1265,Kyle Pitts,3,7.9,9.55,-1.65
1972,Tyreek Hill,3,15.9,17.56,-1.66
30,Adam Prentice,7,0.0,1.66,-1.66
1964,Tyquan Thornton,1,6.1,7.76,-1.66
403,Curtis Samuel,4,1.9,3.56,-1.66
1083,Josh Downs,2,11.1,12.77,-1.67
1028,John Bates,7,1.5,3.17,-1.67
1332,Luther Burden,2,1.5,3.17,-1.67
779,Isaiah Davis,6,1.1,2.78,-1.68
1062,Jordan Love,7,13.36,15.04,-1.68
132,Bhayshul Tuten,1,1.1,2.78,-1.68
648,Elijah Higgins,1,1.3,2.98,-1.68
1097,Josh Oliver,4,0.0,1.68,-1.68
735,Harrison Bryant,2,0.0,1.68,-1.68
284,Cam Ward,7,12.2,13.88,-1.68
647,Elijah Arroyo,6,1.6,3.29,-1.69
378,Colston Loveland,3,4.1,5.79,-1.69
1543,Parker Washington,6,4.9,6.6,-1.7
687,Gardner Minshew,7,-0.3,1.4,-1.7
1247,Konata Mumpfield,6,1.7,3.4,-1.7
1763,Terrell Jennings,7,1.8,3.51,-1.71
902,Jamari Thrash,6,3.3,5.01,-1.71
1546,Pat Bryant,4,0.0,1.71,-1.71
1703,Scotty Miller,4,0.0,1.71,-1.71
360,Christopher Brooks,7,0.0,1.71,-1.71
1366,Marcus Mariota,7,4.92,6.63,-1.71
1746,Tanner Conner,7,3.8,5.52,-1.72
2003,Will Dissly,7,0.0,1.72,-1.72
599,Dontayvion Wicks,7,1.5,3.22,-1.72
73,Amon-Ra St. Brown,1,8.5,10.22,-1.72
449,Dalton Schultz,4,8.0,9.72,-1.72
92,Antonio Gibson,1,0.3,2.03,-1.73
927,Jason Brownlee,1,0.0,1.73,-1.73
881,Jalen Milroe,5,-1.0,0.73,-1.73
1473,Mitchell Tinsley,4,1.9,3.63,-1.73
1373,Marquez Valdes-Scantling,2,0.0,1.73,-1.73
2048,Zamir White,3,3.3,5.03,-1.73
1497,Nico Collins,2,14.2,15.93,-1.73
644,Elijah Arroyo,3,0.0,1.74,-1.74
1939,Tyler Higbee,3,0.0,1.74,-1.74
1106,Joshua Dobbs,7,0.28,2.02,-1.74
1669,Ryan Miller,1,0.0,1.75,-1.75
1061,Jordan Love,6,15.96,17.72,-1.76
577,Devin Singletary,4,2.8,4.56,-1.76
517,Dawson Knox,4,0.0,1.76,-1.76
502,David Njoku,3,9.0,10.77,-1.77
567,Derrick Henry,5,9.3,11.07,-1.77
1811,Tory Horton,4,2.0,3.77,-1.77
2044,Zaire Mitchell,2,0.0,1.77,-1.77
1906,Tutu Atwell,3,0.0,1.77,-1.77
58,Alex Cappa,6,0.0,1.77,-1.77
870,Jaleel McLaughlin,6,0.0,1.77,-1.77
1330,Luke Wypler,3,0.0,1.77,-1.77
631,Dylan Sampson,4,-0.2,1.57,-1.77
368,Colby Parkinson,5,0.0,1.77,-1.77
1793,Tip Reiman,3,2.8,4.57,-1.77
1125,Julian Hill,7,1.1,2.88,-1.78
1786,Tim Patrick,2,0.0,1.78,-1.78
332,Chris Moore,5,0.0,1.78,-1.78
546,Dee Eskridge,1,1.9,3.68,-1.78
772,Isaiah Bond,4,8.8,10.59,-1.79
512,Davis Allen,6,1.7,3.49,-1.79
131,Bernhard Raimann,5,0.0,1.8,-1.8
1919,Tylan Wallace,3,0.0,1.8,-1.8
548,Dee Eskridge,6,0.0,1.8,-1.8
176,Brashard Smith,3,1.3,3.1,-1.8
1088,Josh Jacobs,1,14.0,15.8,-1.8
728,Harold Fannin,1,13.6,15.4,-1.8
109,Ashton Jeanty,5,15.9,17.7,-1.8
1273,Kyle Williams,7,0.0,1.81,-1.81
130,Ben Skowronek,4,0.0,1.81,-1.81
1773,Tetairoa McMillan,7,6.3,8.12,-1.82
1527,Ollie Gordon,6,1.2,3.03,-1.83
1401,Mason Taylor,2,1.5,3.33,-1.83
1837,Tre Harris,3,0.0,1.83,-1.83
384,Connor Heyward,7,0.0,1.83,-1.83
590,Dont'e Thornton,3,4.9,6.74,-1.84
468,Darius Slayton,1,0.0,1.84,-1.84
1407,Mason Tipton,7,0.0,1.84,-1.84
2026,Xavier Worthy,1,0.0,1.85,-1.85
1324,Luke Schoonmaker,1,0.0,1.85,-1.85
685,Gage Larvadain,7,0.0,1.85,-1.85
892,Jalen Tolbert,5,0.0,1.85,-1.85
1404,Mason Taylor,5,17.7,19.55,-1.85
1037,Johnny Mundt,4,0.0,1.86,-1.86
632,Dylan Sampson,5,1.2,3.06,-1.86
1360,Malik Washington,4,4.1,5.96,-1.86
733,Harold Fannin,6,15.1,16.96,-1.86
1875,Trey McBride,1,12.1,13.96,-1.86
1288,Ladd McConkey,1,13.4,15.27,-1.87
1616,Ray Davis,3,0.0,1.87,-1.87
1129,Julius Chestnut,5,0.3,2.18,-1.88
175,Brashard Smith,2,0.2,2.09,-1.89
1671,Ryan Miller,3,0.0,1.89,-1.89
202,Brian Robinson,4,2.1,3.99,-1.89
296,Cedric Tillman,4,1.6,3.49,-1.89
1464,Mitch Trubisky,2,0.98,2.87,-1.89
818,Jack Stoll,7,0.0,1.9,-1.9
1235,Kevin Austin,3,0.0,1.9,-1.9
506,David Sills,3,1.9,3.8,-1.9
1949,Tyler Lockett,1,0.0,1.9,-1.9
377,Colston Loveland,2,0.0,1.91,-1.91
1105,Joshua Dobbs,4,-0.2,1.71,-1.91
1137,Justin Fields,2,4.98,6.89,-1.91
1914,Ty Johnson,6,1.5,3.41,-1.91
319,Chimere Dike,1,0.9,2.81,-1.91
1370,Mark Andrews,4,10.0,11.92,-1.92
1784,Theo Johnson,6,4.7,6.63,-1.93
100,Arian Smith,6,0.0,1.93,-1.93
1603,Rashid Shaheed,3,8.2,10.13,-1.93
1199,Keenan Allen,4,8.7,10.63,-1.93
2024,Xavier Smith,7,3.5,5.44,-1.94
1358,Malik Washington,2,3.5,5.44,-1.94
1945,Tyler Johnson,2,0.0,1.95,-1.95
851,Jake Ferguson,1,7.3,9.25,-1.95
1591,Rachaad White,4,8.6,10.55,-1.95
461,Daniel Jones,4,12.38,14.34,-1.96
1976,Tyrell Shavers,5,0.0,1.96,-1.96
1879,Trey McBride,5,9.1,11.07,-1.97
1522,Ollie Gordon,1,1.3,3.28,-1.98
1329,Luke Schoonmaker,6,1.8,3.79,-1.99
44,Adonai Mitchell,5,0.0,2.0,-2.0
1632,Ricky Pearsall,2,9.2,11.2,-2.0
1123,Julian Hill,5,6.2,8.21,-2.01
1362,Malik Washington,6,6.3,8.32,-2.02
47,Alec Ingold,1,1.1,3.12,-2.02
1910,Ty Johnson,2,0.6,2.62,-2.02
1126,Julius Chestnut,1,0.2,2.22,-2.02
530,DeAndre Hopkins,4,0.0,2.03,-2.03
1208,Kendre Miller,6,4.2,6.23,-2.03
1534,Oronde Gadsden,3,9.6,11.63,-2.03
1193,KeAndre Lambert-Smith,1,0.0,2.04,-2.04
969,Jaylen Waddle,4,7.8,9.84,-2.04
884,Jalen Nailor,3,6.7,8.75,-2.05
1789,Tim Patrick,5,0.0,2.05,-2.05
1638,Rico Dowdle,4,4.0,6.05,-2.05
1590,Rachaad White,3,2.4,4.45,-2.05
1005,Jerome Ford,6,8.0,10.05,-2.05
699,Geno Smith,6,9.66,11.71,-2.05
1764,Terry McLaurin,1,4.7,6.76,-2.06
1172,Kaleb Johnson,6,1.5,3.56,-2.06
1220,Kenneth Gainwell,6,9.6,11.66,-2.06
618,Drew Sample,6,0.8,2.87,-2.07
680,Evan Engram,7,9.2,11.27,-2.07
2025,Xavier Weaver,4,0.0,2.08,-2.08
1379,Marquise Brown,3,8.2,10.28,-2.08
1896,Tucker Fisk,3,0.0,2.08,-2.08
628,Dylan Sampson,1,17.3,19.39,-2.09
1236,Khadarel Hodge,1,0.0,2.1,-2.1
568,Derrick Henry,6,17.0,19.11,-2.11
976,Jaylen Warren,6,8.3,10.41,-2.11
1496,Nico Collins,1,5.5,7.61,-2.11
1323,Luke Musgrave,6,1.7,3.81,-2.11
684,Gage Larvadain,6,4.2,6.32,-2.12
560,Demarcus Robinson,7,0.0,2.12,-2.12
1128,Julius Chestnut,4,0.0,2.12,-2.12
1003,Jerome Ford,4,1.3,3.42,-2.12
389,Cooper Kupp,5,11.9,14.03,-2.13
451,Dameon Pierce,1,0.5,2.64,-2.14
21,Aaron Rodgers,2,12.42,14.56,-2.14
1328,Luke Schoonmaker,5,1.3,3.46,-2.16
1259,Kyle Monangai,3,3.0,5.17,-2.17
1641,Rico Dowdle,7,10.6,12.77,-2.17
1242,Khalil Shakir,6,6.3,8.47,-2.17
1456,Mike Gesicki,2,4.8,6.98,-2.18
1813,Tory Horton,6,0.0,2.19,-2.19
196,Brevyn Spann-Ford,1,0.0,2.19,-2.19
1657,Romeo Doubs,7,13.2,15.39,-2.19
667,Emari Demercado,6,0.1,2.3,-2.2
1984,Tyrone Tracy,6,0.6,2.81,-2.21
1156,Justin Watson,2,1.3,3.51,-2.21
400,Courtland Sutton,6,2.7,4.92,-2.22
1227,Kenneth Walker,6,4.7,6.92,-2.22
2061,Zay Jones,5,2.8,5.04,-2.24
239,C.J. Stroud,1,9.72,11.96,-2.24
1820,Travis Etienne,7,6.5,8.75,-2.25
900,Jamari Thrash,3,2.7,4.95,-2.25
152,Blake Whiteheart,4,0.0,2.26,-2.26
888,Jalen Tolbert,1,1.0,3.26,-2.26
1391,Marvin Mims,1,4.2,6.48,-2.28
783,Isiah Pacheco,1,4.8,7.09,-2.29
1194,KeAndre Lambert-Smith,6,1.1,3.39,-2.29
200,Brian Robinson,2,2.9,5.19,-2.29
1909,Ty Johnson,1,2.4,4.69,-2.29
639,Elic Ayomanor,5,3.8,6.1,-2.3
500,David Njoku,1,6.7,9.01,-2.31
208,Brian Thomas,3,7.5,9.81,-2.31
1141,Justin Fields,7,4.04,6.36,-2.32
158,Bo Nix,3,13.42,15.75,-2.33
1157,Juwan Johnson,1,15.6,17.93,-2.33
1526,Ollie Gordon,5,-0.2,2.13,-2.33
392,Cooper Rush,4,2.08,4.41,-2.33
785,Isiah Pacheco,3,5.8,8.14,-2.34
738,Hassan Haskins,6,3.3,5.64,-2.34
1887,Troy Franklin,6,4.1,6.46,-2.36
737,Hassan Haskins,5,2.5,4.86,-2.36
596,Dontayvion Wicks,3,4.1,6.46,-2.36
248,Cade Otton,4,3.9,6.27,-2.37
1627,Rhamondre Stevenson,4,5.1,7.47,-2.37
374,Cole Kmet,6,1.0,3.37,-2.37
1007,Jerry Jeudy,1,11.6,13.97,-2.37
1733,T.J. Hockenson,2,2.2,4.58,-2.38
1775,Tez Johnson,3,0.0,2.38,-2.38
673,Emeka Egbuka,6,4.4,6.79,-2.39
61,Allen Lazard,5,1.3,3.71,-2.41
1254,Kyle Juszczyk,5,5.0,7.41,-2.41
1441,Michael Pittman Jr.,4,15.1,17.52,-2.42
1026,Joe Milton,3,0.64,3.07,-2.43
127,Beaux Collins,7,0.0,2.43,-2.43
897,Jalin Hyatt,7,0.0,2.43,-2.43
980,Jaylin Lane,3,0.8,3.24,-2.44
271,Cam Skattebo,1,2.9,5.35,-2.45
2047,Zamir White,2,3.3,5.76,-2.46
915,Jameson Williams,1,6.6,9.07,-2.47
430,Dak Prescott,3,14.04,16.52,-2.48
1489,Nick Chubb,4,8.2,10.68,-2.48
136,Bhayshul Tuten,5,2.1,4.59,-2.49
621,Dyami Brown,3,2.7,5.19,-2.49
1486,Nick Chubb,1,6.0,8.5,-2.5
1970,Tyreek Hill,1,8.0,10.5,-2.5
1996,Wan'Dale Robinson,4,4.4,6.91,-2.51
890,Jalen Tolbert,3,7.4,9.92,-2.52
770,Isaiah Bond,2,2.5,5.02,-2.52
514,Davis Mills,5,1.22,3.74,-2.52
889,Jalen Tolbert,2,3.6,6.13,-2.53
883,Jalen Nailor,2,6.1,8.63,-2.53
226,Bryce Young,4,10.3,12.85,-2.55
1243,Kimani Vidal,5,2.9,5.45,-2.55
700,Geno Smith,7,2.78,5.33,-2.55
104,Ashton Dulin,5,7.5,10.07,-2.57
595,Dontayvion Wicks,2,8.4,10.97,-2.57
473,Darnell Mooney,2,4.0,6.59,-2.59
829,Jacory Croskey-Merritt,2,1.7,4.3,-2.6
953,Jayden Daniels,2,19.7,22.3,-2.6
1455,Mike Gesicki,1,2.4,5.02,-2.62
1729,Sterling Shepard,4,4.0,6.62,-2.62
813,Jack Bech,5,5.7,8.33,-2.63
1911,Ty Johnson,3,3.1,5.73,-2.63
1582,RJ Harvey,2,3.4,6.04,-2.64
1268,Kyle Pitts,7,13.2,15.84,-2.64
309,Chase Brown,5,11.8,14.46,-2.66
1180,Kareem Hunt,2,4.4,7.07,-2.67
838,Jahan Dotson,5,3.4,6.07,-2.67
1889,Tua Tagovailoa,1,8.26,10.93,-2.67
1779,Theo Johnson,1,1.5,4.18,-2.68
203,Brian Robinson,5,1.2,3.88,-2.68
602,Drake London,3,10.5,13.19,-2.69
2043,Zach Wilson,1,1.58,4.27,-2.69
1742,Tanner Conner,1,4.0,6.69,-2.69
1359,Malik Washington,3,6.2,8.89,-2.69
1013,Jerry Jeudy,7,3.7,6.4,-2.7
1237,Khalil Shakir,1,12.4,15.11,-2.71
1018,Joe Burrow,1,8.82,11.53,-2.71
1758,Tee Higgins,6,11.2,13.91,-2.71
1386,Marvin Harrison Jr.,3,7.4,10.12,-2.72
1718,Spencer Rattler,7,14.52,17.24,-2.72
1609,Rashod Bateman,2,3.5,6.23,-2.73
78,Amon-Ra St. Brown,6,13.7,16.44,-2.74
1189,Kayshon Boutte,4,2.8,5.55,-2.75
68,Alvin Kamara,6,12.6,15.36,-2.76
852,Jake Ferguson,2,16.8,19.57,-2.77
126,Beaux Collins,5,1.7,4.47,-2.77
1623,Ray-Ray McCloud,4,0.3,3.07,-2.77
268,Cam Akers,3,1.9,4.67,-2.77
7,AJ Barner,1,1.2,3.97,-2.77
923,Jared Goff,3,12.68,15.46,-2.78
1001,Jerome Ford,2,10.4,13.2,-2.8
1595,Raheem Mostert,5,2.2,5.01,-2.81
1933,Tyler Conklin,3,0.0,2.81,-2.81
896,Jalin Hyatt,6,4.7,7.52,-2.82
1551,Pat Freiermuth,3,1.6,4.43,-2.83
1278,Kyler Murray,3,14.06,16.89,-2.83
1225,Kenneth Walker,4,12.0,14.83,-2.83
1706,Sean Tucker,5,2.9,5.73,-2.83
761,Hunter Renfrow,5,1.7,4.54,-2.84
149,Blake Corum,5,1.3,4.14,-2.84
1204,Kendre Miller,2,2.0,4.86,-2.86
532,DeAndre Hopkins,6,4.0,6.86,-2.86
991,Jeremy McNichols,4,1.3,4.17,-2.87
42,Adonai Mitchell,3,0.0,2.87,-2.87
290,Casey Washington,4,2.9,5.78,-2.88
807,Ja'Tavion Sanders,2,12.4,15.29,-2.89
741,Hunter Henry,2,1.9,4.79,-2.89
205,Brian Robinson,7,3.6,6.49,-2.89
1528,Ollie Gordon,7,2.3,5.19,-2.89
370,Cole Kmet,1,4.1,6.99,-2.89
1635,Rico Dowdle,1,3.6,6.5,-2.9
1066,Jordan Mason,4,10.2,13.1,-2.9
1871,Trey Benson,2,8.4,11.33,-2.93
105,Ashton Jeanty,1,12.0,14.93,-2.93
663,Emanuel Wilson,7,2.5,5.43,-2.93
1516,Olamide Zaccheaus,1,8.2,11.14,-2.94
640,Elic Ayomanor,6,5.7,8.67,-2.97
1457,Mike Gesicki,3,1.6,4.57,-2.97
1179,Kareem Hunt,1,4.6,7.59,-2.99
366,Colby Parkinson,1,0.4,3.39,-2.99
1521,Olamide Zaccheaus,7,2.9,5.91,-3.01
641,Elic Ayomanor,7,4.9,7.92,-3.02
1819,Travis Etienne,6,9.5,12.53,-3.03
664,Emari Demercado,3,0.0,3.04,-3.04
315,Chig Okonkwo,4,1.4,4.44,-3.04
868,Jakobi Meyers,5,7.2,10.26,-3.06
88,Andy Dalton,7,2.2,5.26,-3.06
1071,Jordan Whittington,3,3.4,6.46,-3.06
1974,Tyrell Shavers,2,0.0,3.09,-3.09
626,Dylan Laube,3,0.2,3.31,-3.11
1977,Tyrell Shavers,6,5.7,8.81,-3.11
1983,Tyrone Tracy,3,5.6,8.71,-3.11
610,Drake Maye,5,12.12,15.24,-3.12
97,Arian Smith,2,0.8,3.93,-3.13
1449,Michael Wilson,5,3.6,6.73,-3.13
556,Deebo Samuel,6,5.4,8.55,-3.15
622,Dyami Brown,5,3.5,6.65,-3.15
1852,TreVeyon Henderson,5,4.7,7.85,-3.15
837,Jahan Dotson,3,1.7,4.87,-3.17
1161,Juwan Johnson,5,3.7,6.87,-3.17
1402,Mason Taylor,3,5.8,8.97,-3.17
2052,Zavier Scott,7,1.6,4.8,-3.2
1325,Luke Schoonmaker,2,0.0,3.2,-3.2
776,Isaiah Davis,2,1.6,4.82,-3.22
416,DJ Moore,1,8.5,11.73,-3.23
1884,Troy Franklin,3,2.8,6.03,-3.23
4,A.J. Brown,5,9.3,12.54,-3.24
597,Dontayvion Wicks,4,3.9,7.15,-3.25
1385,Marvin Harrison Jr.,2,4.7,7.97,-3.27
407,D'Andre Swift,3,10.8,14.08,-3.28
701,George Holani,3,5.2,8.5,-3.3
1767,Tetairoa McMillan,1,11.8,15.11,-3.31
1621,Ray-Ray McCloud,2,0.0,3.32,-3.32
1390,Marvin Harrison Jr.,7,7.8,11.13,-3.33
183,Breece Hall,2,5.8,9.14,-3.34
1606,Rashid Shaheed,6,6.8,10.14,-3.34
191,Brenton Strange,2,4.7,8.05,-3.35
592,Dont'e Thornton,5,0.0,3.38,-3.38
1850,TreVeyon Henderson,3,7.7,11.08,-3.38
591,Dont'e Thornton,4,0.0,3.4,-3.4
1636,Rico Dowdle,2,2.9,6.3,-3.4
188,Breece Hall,7,7.2,10.62,-3.42
1615,Ray Davis,2,2.4,5.82,-3.42
1688,Samaje Perine,6,5.2,8.62,-3.42
484,Davante Adams,1,9.1,12.53,-3.43
1375,Marquez Valdes-Scantling,5,1.9,5.33,-3.43
848,Jake Browning,3,7.9,11.33,-3.43
170,Brandin Cooks,3,5.4,8.84,-3.44
809,Ja'Tavion Sanders,7,0.0,3.45,-3.45
90,Anthony Richardson,3,-0.1,3.35,-3.45
107,Ashton Jeanty,3,6.3,9.76,-3.46
1114,JuJu Smith-Schuster,2,1.5,4.97,-3.47
578,Devin Singletary,5,3.4,6.89,-3.49
703,George Kittle,7,0.0,3.52,-3.52
1715,Spencer Rattler,4,13.94,17.46,-3.52
658,Elijah Moore,6,0.0,3.53,-3.53
767,Isaac TeSlaa,3,0.0,3.53,-3.53
1075,Jordan Whittington,7,2.9,6.43,-3.53
587,Dillon Gabriel,7,5.84,9.38,-3.54
1770,Tetairoa McMillan,4,10.2,13.77,-3.57
689,Garrett Wilson,2,9.0,12.57,-3.57
492,David Montgomery,1,8.3,11.88,-3.58
1217,Kenneth Gainwell,2,6.6,10.18,-3.58
1101,Josh Reynolds,4,0.0,3.6,-3.6
867,Jakobi Meyers,4,7.0,10.61,-3.61
906,James Conner,3,6.7,10.32,-3.62
1668,Ryan Flournoy,6,6.3,9.92,-3.62
163,Braden Mann,4,-3.4,0.24,-3.64
771,Isaiah Bond,3,3.6,7.25,-3.65
1802,Tony Pollard,1,8.9,12.56,-3.66
1716,Spencer Rattler,5,16.1,19.76,-3.66
740,Hunter Henry,1,10.6,14.27,-3.67
1622,Ray-Ray McCloud,3,4.0,7.68,-3.68
1363,Malik Washington,7,8.0,11.68,-3.68
1272,Kyle Williams,6,0.0,3.68,-3.68
533,DeMario Douglas,1,8.2,11.88,-3.68
1726,Sterling Shepard,1,6.9,10.6,-3.7
1290,Ladd McConkey,3,8.1,11.8,-3.7
1853,TreVeyon Henderson,6,4.6,8.31,-3.71
871,Jalen Coker,7,0.0,3.72,-3.72
1717,Spencer Rattler,6,11.08,14.8,-3.72
206,Brian Thomas,1,9.0,12.72,-3.72
438,Dallas Goedert,5,10.9,14.63,-3.73
1997,Wan'Dale Robinson,5,8.2,11.93,-3.73
1306,Lil'Jordan Humphrey,7,0.0,3.74,-3.74
1212,Kendrick Bourne,4,2.7,6.44,-3.74
1821,Travis Hunter,1,9.3,13.07,-3.77
1319,Luke McCaffrey,7,0.0,3.77,-3.77
41,Adonai Mitchell,2,4.0,7.78,-3.78
318,Chig Okonkwo,7,0.0,3.8,-3.8
1357,Malik Washington,1,4.9,8.71,-3.81
1608,Rashod Bateman,1,3.0,6.84,-3.84
516,Dawson Knox,2,3.9,7.75,-3.85
33,Adam Thielen,3,0.0,3.87,-3.87
106,Ashton Jeanty,2,7.4,11.33,-3.93
1995,Wan'Dale Robinson,3,3.6,7.54,-3.94
1954,Tyler Lockett,6,1.0,4.95,-3.95
1064,Jordan Mason,2,5.8,9.75,-3.95
931,Jauan Jennings,6,1.7,5.67,-3.97
1241,Khalil Shakir,5,11.0,14.97,-3.97
1822,Travis Hunter,2,5.2,9.18,-3.98
393,Cooper Rush,5,4.16,8.14,-3.98
1200,Keenan Allen,5,10.8,14.81,-4.01
1452,Mike Evans,1,10.1,14.11,-4.01
1433,Michael Penix Jr.,2,5.3,9.31,-4.01
1361,Malik Washington,5,4.0,8.01,-4.01
291,Casey Washington,6,0.0,4.02,-4.02
344,Chris Rodriguez,5,0.7,4.74,-4.04
1650,Rome Odunze,6,5.2,9.24,-4.04
215,Brock Bowers,2,8.8,12.86,-4.06
759,Hunter Renfrow,3,2.6,6.66,-4.06
1135,Justice Hill,6,9.4,13.46,-4.06
55,Alec Pierce,7,14.8,18.9,-4.1
1863,Trevor Lawrence,1,11.32,15.42,-4.1
342,Chris Rodriguez,3,3.9,8.01,-4.11
1305,Lil'Jordan Humphrey,6,9.5,13.61,-4.11
289,Casey Washington,1,6.3,10.43,-4.13
799,Ja'Marr Chase,1,4.6,8.76,-4.16
1462,Miles Sanders,3,8.3,12.47,-4.17
1171,Kaleb Johnson,4,2.2,6.38,-4.18
1517,Olamide Zaccheaus,2,4.1,8.33,-4.23
69,Alvin Kamara,7,5.9,10.13,-4.23
1282,Kyren Williams,2,10.0,14.24,-4.24
1459,Mike Gesicki,5,3.5,7.78,-4.28
1999,Wan'Dale Robinson,7,15.5,19.8,-4.3
1940,Tyler Higbee,4,4.5,8.8,-4.3
1803,Tony Pollard,2,9.2,13.51,-4.31
280,Cam Ward,3,12.96,17.31,-4.35
1737,T.J. Hockenson,7,10.3,14.65,-4.35
1541,Parker Washington,4,-0.1,4.25,-4.35
408,D'Andre Swift,4,16.0,20.36,-4.36
1756,Tee Higgins,4,6.2,10.57,-4.37
1437,Michael Penix Jr.,7,13.24,17.64,-4.4
1409,Matthew Golden,2,1.5,5.91,-4.41
2054,Zay Flowers,2,14.9,19.32,-4.42
1830,Travis Kelce,3,6.6,11.03,-4.43
1368,Mark Andrews,2,1.4,5.84,-4.44
1258,Kyle Monangai,2,4.6,9.04,-4.44
1624,Rhamondre Stevenson,1,4.7,9.14,-4.44
1512,Noah Gray,3,4.7,9.15,-4.45
1287,Kyren Williams,7,8.5,12.96,-4.46
1596,Raheem Mostert,6,-0.4,4.07,-4.47
180,Brashard Smith,7,13.1,17.57,-4.47
1804,Tony Pollard,3,13.9,18.37,-4.47
1672,Sam Darnold,1,6.4,10.89,-4.49
1,A.J. Brown,2,7.7,12.2,-4.5
677,Evan Engram,4,6.9,11.41,-4.51
1107,Joshua Palmer,1,11.1,15.63,-4.53
321,Chimere Dike,3,3.5,8.06,-4.56
1130,Justice Hill,1,-0.1,4.47,-4.57
1548,Pat Bryant,7,1.6,6.18,-4.58
1338,Mac Jones,3,14.26,18.84,-4.58
339,Chris Olave,5,12.9,17.49,-4.59
1425,Michael Carter,6,8.4,13.06,-4.66
979,Jaylin Lane,2,1.2,5.87,-4.67
1885,Troy Franklin,4,9.5,14.17,-4.67
1040,Johnny Mundt,7,1.9,6.58,-4.68
2012,Woody Marks,5,2.4,7.08,-4.68
589,Dont'e Thornton,2,3.0,7.69,-4.69
1651,Rome Odunze,7,5.1,9.8,-4.7
932,Jauan Jennings,7,7.1,11.8,-4.7
1488,Nick Chubb,3,7.0,11.71,-4.71
1011,Jerry Jeudy,5,3.5,8.22,-4.72
1579,Quinshon Judkins,6,3.6,8.34,-4.74
505,David Njoku,6,5.8,10.57,-4.77
593,Dont'e Thornton,7,0.0,4.79,-4.79
1154,Justin Jefferson,7,12.9,17.7,-4.8
1894,Tua Tagovailoa,6,9.6,14.4,-4.8
522,De'Von Achane,3,15.4,20.23,-4.83
921,Jared Goff,1,11.9,16.75,-4.85
246,Cade Otton,1,0.0,4.85,-4.85
873,Jalen Hurts,2,11.54,16.4,-4.86
1656,Romeo Doubs,6,10.5,15.38,-4.88
352,Christian McCaffrey,4,24.1,28.99,-4.89
1872,Trey Benson,3,8.1,12.99,-4.89
1750,Taysom Hill,5,0.66,5.55,-4.89
1520,Olamide Zaccheaus,6,4.8,9.7,-4.9
1953,Tyler Lockett,5,1.6,6.51,-4.91
1395,Marvin Mims,5,3.9,8.83,-4.93
1529,Omarion Hampton,1,8.1,13.04,-4.94
101,Arian Smith,7,1.0,5.96,-4.96
331,Chris Moore,4,0.9,5.87,-4.97
1008,Jerry Jeudy,2,9.1,14.07,-4.97
1942,Tyler Higbee,7,4.9,9.88,-4.98
1201,Keenan Allen,6,6.7,11.71,-5.01
67,Alvin Kamara,5,9.5,14.52,-5.02
1826,Travis Hunter,6,5.5,10.52,-5.02
281,Cam Ward,4,5.52,10.55,-5.03
323,Chimere Dike,5,3.7,8.76,-5.06
1144,Justin Herbert,3,18.6,23.68,-5.08
558,Demarcus Robinson,5,6.9,11.99,-5.09
623,Dyami Brown,6,4.0,9.1,-5.1
283,Cam Ward,6,9.88,14.98,-5.1
795,J.K. Dobbins,6,4.0,9.11,-5.11
1504,Noah Brown,2,1.9,7.01,-5.11
275,Cam Skattebo,5,15.4,20.51,-5.11
241,C.J. Stroud,3,12.36,17.48,-5.12
1216,Kenneth Gainwell,1,5.3,10.43,-5.13
259,Calvin Austin,2,3.2,8.33,-5.13
2028,Xavier Worthy,5,11.1,16.24,-5.14
1381,Marquise Brown,5,8.8,13.95,-5.15
1419,Matthew Stafford,6,10.34,15.49,-5.15
1000,Jerome Ford,1,1.5,6.67,-5.17
1448,Michael Wilson,4,4.5,9.69,-5.19
1714,Spencer Rattler,3,12.72,17.93,-5.21
199,Brian Robinson,1,4.7,9.92,-5.22
1234,Keon Coleman,6,4.1,9.34,-5.24
928,Jauan Jennings,1,3.6,8.85,-5.25
151,Blake Corum,7,5.3,10.56,-5.26
784,Isiah Pacheco,2,3.9,9.18,-5.28
802,Ja'Marr Chase,4,7.3,12.58,-5.28
972,Jaylen Waddle,7,2.5,7.78,-5.28
82,Andrei Iosivas,6,1.5,6.83,-5.33
1921,Tyler Allgeier,1,2.4,7.73,-5.33
1888,Troy Franklin,7,12.9,18.24,-5.34
64,Alvin Kamara,2,17.0,22.34,-5.34
336,Chris Olave,2,11.4,16.79,-5.39
1612,Rashod Bateman,5,0.0,5.39,-5.39
1818,Travis Etienne,5,8.8,14.21,-5.41
66,Alvin Kamara,4,11.2,16.62,-5.42
535,DeMario Douglas,3,2.7,8.13,-5.43
774,Isaiah Bond,6,2.9,8.36,-5.46
1525,Ollie Gordon,4,1.0,6.46,-5.46
564,Derrick Henry,2,2.3,7.77,-5.47
412,DJ Giddens,1,4.1,9.59,-5.49
1866,Trevor Lawrence,4,11.66,17.18,-5.52
1140,Justin Fields,6,4.9,10.42,-5.52
1340,Mac Jones,6,16.18,21.72,-5.54
396,Courtland Sutton,2,1.6,7.16,-5.56
1765,Terry McLaurin,2,9.8,15.42,-5.62
833,Jacory Croskey-Merritt,6,6.8,12.46,-5.66
834,Jacory Croskey-Merritt,7,4.2,9.87,-5.67
1222,Kenneth Walker,1,5.4,11.11,-5.71
1445,Michael Wilson,1,1.5,7.21,-5.71
731,Harold Fannin,4,4.5,10.22,-5.72
365,Chuba Hubbard,7,7.5,13.24,-5.74
1601,Rashid Shaheed,1,9.3,15.09,-5.79
279,Cam Ward,2,10.8,16.61,-5.81
262,Calvin Ridley,1,6.7,12.51,-5.81
472,Darius Slayton,5,5.1,10.91,-5.81
1041,Jonathan Taylor,1,12.8,18.67,-5.87
911,James Cook,5,4.9,10.78,-5.88
79,Andrei Iosivas,2,2.2,8.11,-5.91
1377,Marquise Brown,1,19.9,25.81,-5.91
1878,Trey McBride,4,12.2,18.13,-5.93
2035,Zach Charbonnet,6,4.7,10.63,-5.93
1393,Marvin Mims,3,1.4,7.36,-5.96
1927,Tyler Badie,1,3.6,9.56,-5.96
1530,Omarion Hampton,2,3.5,9.49,-5.99
1372,Mark Andrews,6,6.6,12.6,-6.0
840,Jahmyr Gibbs,1,15.0,21.04,-6.04
337,Chris Olave,3,15.7,21.76,-6.06
1182,Kareem Hunt,4,5.7,11.77,-6.07
606,Drake Maye,1,16.78,22.85,-6.07
212,Brian Thomas,7,6.1,12.17,-6.07
110,Ashton Jeanty,6,16.6,22.7,-6.1
638,Elic Ayomanor,4,6.4,12.5,-6.1
1769,Tetairoa McMillan,3,7.8,13.95,-6.15
184,Breece Hall,3,9.2,15.35,-6.15
363,Chuba Hubbard,3,9.6,15.77,-6.17
798,JJ McCarthy,2,5.82,12.03,-6.21
488,Davante Adams,5,13.8,20.03,-6.23
1981,Tyrone Tracy,1,5.5,11.74,-6.24
1245,Kimani Vidal,7,7.5,13.76,-6.26
1020,Joe Flacco,1,14.2,20.48,-6.28
849,Jake Browning,4,5.4,11.7,-6.3
895,Jalin Hyatt,5,0.0,6.39,-6.39
1952,Tyler Lockett,4,0.0,6.44,-6.44
306,Chase Brown,2,8.5,14.95,-6.45
187,Breece Hall,6,5.9,12.39,-6.49
113,Austin Ekeler,2,4.4,10.93,-6.53
1009,Jerry Jeudy,3,2.7,9.24,-6.54
1696,Saquon Barkley,7,5.2,11.82,-6.62
1556,Patrick Mahomes,3,13.16,19.78,-6.62
274,Cam Skattebo,4,13.0,19.74,-6.74
305,Chase Brown,1,13.1,19.89,-6.79
495,David Montgomery,4,1.2,8.05,-6.85
148,Blake Corum,4,3.6,10.55,-6.95
320,Chimere Dike,2,2.8,9.81,-7.01
2058,Zay Flowers,6,9.6,16.64,-7.04
307,Chase Brown,3,6.0,13.13,-7.13
223,Bryce Young,1,11.16,18.31,-7.15
845,Jahmyr Gibbs,6,7.2,14.38,-7.18
288,Carson Wentz,7,16.32,23.57,-7.25
757,Hunter Renfrow,1,3.1,10.37,-7.27
349,Christian McCaffrey,1,23.2,30.49,-7.29
693,Garrett Wilson,6,4.3,11.69,-7.39
2018,Xavier Legette,1,4.0,11.42,-7.42
2066,Zonovan Knight,7,9.4,16.91,-7.51
1010,Jerry Jeudy,4,7.8,15.31,-7.51
1291,Ladd McConkey,4,2.1,9.72,-7.62
1352,Malik Nabers,1,12.1,19.74,-7.64
394,Cooper Rush,6,0.88,8.52,-7.64
2032,Zach Charbonnet,2,1.0,8.67,-7.67
1607,Rashid Shaheed,7,8.0,15.69,-7.69
428,Dak Prescott,1,7.82,15.51,-7.69
1511,Noah Gray,2,1.1,8.81,-7.71
1869,Trevor Lawrence,7,17.64,25.37,-7.73
788,Isiah Pacheco,6,6.1,13.91,-7.81
1980,Tyrod Taylor,7,4.14,12.07,-7.93
865,Jakobi Meyers,2,12.8,20.74,-7.94
278,Cam Ward,1,3.48,11.44,-7.96
373,Cole Kmet,4,7.6,15.57,-7.97
264,Calvin Ridley,3,3.7,11.73,-8.03
773,Isaiah Bond,5,4.9,12.96,-8.06
489,Davante Adams,6,7.9,16.05,-8.15
405,D'Andre Swift,1,9.5,17.72,-8.22
1692,Saquon Barkley,3,9.5,17.75,-8.25
1865,Trevor Lawrence,3,8.78,17.04,-8.26
65,Alvin Kamara,3,6.6,14.87,-8.27
1629,Rhamondre Stevenson,6,1.8,10.13,-8.33
605,Drake London,7,8.2,16.59,-8.39
346,Christian Kirk,3,5.5,13.95,-8.45
1842,Tre Tucker,2,4.9,13.37,-8.47
1453,Mike Evans,2,10.6,19.15,-8.55
635,Elic Ayomanor,1,3.3,11.87,-8.57
1021,Joe Flacco,2,10.76,19.49,-8.73
1341,Mac Jones,7,6.18,14.95,-8.77
335,Chris Olave,1,12.4,21.27,-8.87
236,Bucky Irving,3,13.9,23.12,-9.22
975,Jaylen Warren,3,13.1,22.33,-9.23
257,Caleb Williams,7,5.68,15.35,-9.67
1660,Russell Wilson,1,11.12,20.8,-9.68
1895,Tua Tagovailoa,7,1.6,11.37,-9.77
474,Darnell Mooney,3,8.4,18.25,-9.85
1294,Ladd McConkey,7,15.7,25.81,-10.11
600,Drake London,1,13.5,23.64,-10.14
1104,Josh Reynolds,7,5.9,16.11,-10.21
918,Jameson Williams,4,5.7,15.94,-10.24
1434,Michael Penix Jr.,3,5.78,16.03,-10.25
1354,Malik Nabers,3,3.3,13.6,-10.3
1022,Joe Flacco,3,4.68,15.07,-10.39
1544,Parker Washington,7,10.2,20.79,-10.59
698,Geno Smith,5,7.92,18.56,-10.64
156,Bo Nix,1,9.84,20.54,-10.7
255,Caleb Williams,4,12.78,23.53,-10.75
1712,Spencer Rattler,1,11.46,22.3,-10.84
1090,Josh Jacobs,3,12.4,23.82,-11.42
1662,Russell Wilson,3,7.1,18.6,-11.5
326,Chris Godwin,4,5.6,17.24,-11.64
3,A.J. Brown,4,2.7,14.78,-12.08
351,Christian McCaffrey,3,24.0,36.11,-12.11
1540,Parker Washington,3,7.4,19.52,-12.12
282,Cam Ward,5,9.0,21.19,-12.19
1012,Jerry Jeudy,6,9.3,21.63,-12.33
938,Javonte Williams,6,8.4,20.74,-12.34
2019,Xavier Legette,2,0.8,13.14,-12.34
207,Brian Thomas,2,8.9,21.88,-12.98
1023,Joe Flacco,4,4.26,17.6,-13.34
586,Dillon Gabriel,6,8.84,23.09,-14.25
695,Geno Smith,2,6.2,22.1,-15.9
221,Jaxson Dart,All,91.44,0.0,91.44
243,Jonathan Taylor,All,188.2,129.48,58.72
220,Jaxon Smith-Njigba,All,141.7,96.41,45.29
169,George Pickens,All,138.7,93.66,45.04
17,Amon-Ra St. Brown,All,132.1,87.2,44.9
35,Bijan Robinson,All,157.4,117.31,40.09
296,Lamar Jackson,All,95.36,55.48,39.88
356,Puka Nacua,All,147.8,109.96,37.84
157,Emeka Egbuka,All,112.8,75.0,37.8
354,Patrick Mahomes,All,178.0,140.31,37.69
271,Kayshon Boutte,All,82.6,45.16,37.44
105,Dak Prescott,All,155.84,122.46,33.38
428,Tucker Kraft,All,82.9,51.44,31.46
417,Tre Tucker,All,97.8,66.43,31.37
145,Drake Maye,All,149.96,118.81,31.15
130,DeVonta Smith,All,106.4,75.43,30.97
216,Jared Goff,All,113.2,83.31,29.89
104,DK Metcalf,All,89.6,59.8,29.8
29,Baker Mayfield,All,129.36,99.84,29.52
107,Dalton Kincaid,All,69.7,40.21,29.49
206,Jalen Hurts,All,153.42,124.17,29.25
249,Josh Allen,All,141.28,112.04,29.24
201,Jake Ferguson,All,120.4,91.37,29.03
381,Sam Darnold,All,108.64,79.87,28.77
1,AJ Barner,All,61.9,33.35,28.55
188,Ja'Marr Chase,All,159.5,131.42,28.08
111,Daniel Jones,All,145.6,118.52,27.08
4,Aaron Rodgers,All,105.6,79.06,26.54
106,Dallas Goedert,All,86.1,59.68,26.42
127,De'Von Achane,All,138.6,113.98,24.62
328,Michael Pittman Jr.,All,102.1,77.63,24.47
442,Tyler Warren,All,101.5,77.39,24.11
301,Luke McCaffrey,All,45.9,22.0,23.9
117,Darren Waller,All,45.7,22.04,23.66
213,James Cook,All,113.6,92.41,21.19
133,Deebo Samuel,All,94.0,73.31,20.69
391,Stefon Diggs,All,90.6,70.64,19.96
353,Pat Freiermuth,All,46.7,26.79,19.91
358,Quentin Johnston,All,98.4,78.84,19.56
219,Javonte Williams,All,137.7,118.72,18.98
323,Matthew Stafford,All,144.44,125.6,18.84
120,David Montgomery,All,81.32,62.5,18.82
372,Rico Dowdle,All,104.2,86.23,17.97
97,Courtland Sutton,All,102.9,85.09,17.81
415,Travis Kelce,All,80.5,62.79,17.71
461,Zach Ertz,All,71.9,54.68,17.22
382,Sam LaPorta,All,70.4,53.37,17.03
226,Jaylen Waddle,All,91.82,74.98,16.84
39,Bo Nix,All,145.44,129.29,16.15
76,CeeDee Lamb,All,69.2,53.54,15.66
350,Oronde Gadsden,All,60.8,45.58,15.22
140,Devontez Walker,All,21.0,5.94,15.06
128,DeAndre Hopkins,All,38.8,23.89,14.91
196,Jacory Croskey-Merritt,All,75.7,60.93,14.77
110,Daniel Bellinger,All,33.3,19.53,13.77
246,Jordan Love,All,108.52,94.81,13.71
251,Josh Jacobs,All,123.3,109.77,13.53
262,Justin Herbert,All,151.12,137.61,13.51
261,Justin Fields,All,97.5,84.09,13.41
245,Jordan Addison,All,58.3,44.89,13.41
376,Romeo Doubs,All,78.6,65.26,13.34
375,Rome Odunze,All,92.9,79.67,13.23
305,Luther Burden,All,38.8,25.69,13.11
61,C.J. Stroud,All,84.24,71.14,13.1
136,Derrick Henry,All,83.3,70.59,12.71
455,Xavier Hutchinson,All,35.5,22.94,12.56
342,Nico Collins,All,74.0,61.75,12.25
260,Justice Hill,All,53.2,41.05,12.15
345,Noah Fant,All,46.1,33.97,12.13
276,Kendrick Bourne,All,69.5,57.44,12.06
100,D'Andre Swift,All,103.5,91.53,11.97
253,Josh Oliver,All,23.1,11.3,11.8
334,Mitchell Evans,All,30.0,18.21,11.79
266,KaVontae Turpin,All,37.9,26.72,11.18
181,Isaac TeSlaa,All,20.4,9.25,11.15
55,Brock Wright,All,20.7,9.6,11.1
176,Hunter Henry,All,73.0,61.92,11.08
412,Tory Horton,All,38.3,27.24,11.06
307,Mack Hollins,All,35.3,24.46,10.84
257,JuJu Smith-Schuster,All,54.0,43.74,10.26
313,Marcus Mariota,All,43.44,33.25,10.19
28,Austin Hooper,All,27.6,17.49,10.11
359,Quinshon Judkins,All,94.9,84.88,10.02
223,Jayden Higgins,All,27.1,17.1,10.0
443,Tyquan Thornton,All,63.1,53.28,9.82
429,Tutu Atwell,All,26.4,16.61,9.79
407,Theo Johnson,All,63.2,53.42,9.78
202,Jake Tonges,All,65.4,55.64,9.76
349,Omarion Hampton,All,80.0,70.29,9.71
177,Hunter Long,All,30.9,21.62,9.28
269,Kameron Johnson,All,16.6,7.49,9.11
247,Jordan Mason,All,76.4,67.32,9.08
0,A.J. Brown,All,92.5,83.44,9.06
165,Garrett Wilson,All,99.5,90.45,9.05
230,Jeremy McNichols,All,33.4,24.49,8.91
222,Jayden Daniels,All,99.34,90.55,8.79
263,Justin Jefferson,All,99.2,90.55,8.65
124,Davis Allen,All,25.9,17.48,8.42
215,Jameson Williams,All,61.0,52.65,8.35
361,Rachaad White,All,68.9,60.6,8.3
413,Travis Etienne,All,97.4,89.14,8.26
193,Jackson Hawes,All,15.4,7.14,8.26
274,Keenan Allen,All,114.5,106.3,8.2
283,Khalil Shakir,All,64.3,56.24,8.06
186,J.K. Dobbins,All,88.5,80.48,8.02
451,Wan'Dale Robinson,All,94.8,87.04,7.76
316,Marquise Brown,All,87.6,79.85,7.75
444,Tyreek Hill,All,56.5,49.08,7.42
318,Marvin Mims,All,61.0,53.66,7.34
364,Rashee Rice,All,23.2,15.86,7.34
71,Cam Skattebo,All,118.7,111.58,7.12
454,Woody Marks,All,41.3,34.28,7.02
466,Zay Flowers,All,85.5,78.52,6.98
187,JJ McCarthy,All,29.04,22.09,6.95
317,Marvin Harrison Jr.,All,75.6,68.68,6.92
278,Kenneth Walker,All,71.5,64.69,6.81
7,Adam Trautman,All,18.8,12.58,6.22
290,Kyle Pitts,All,64.5,58.53,5.97
156,Emari Demercado,All,17.3,11.37,5.93
408,Tim Patrick,All,16.3,10.38,5.92
240,John FitzPatrick,All,12.0,6.33,5.67
288,Kyle Juszczyk,All,28.7,23.03,5.67
371,Ricky Pearsall,All,58.3,52.63,5.67
32,Ben Skowronek,All,9.2,3.54,5.66
16,Ameer Abdullah,All,12.9,7.38,5.52
67,Calvin Austin,All,35.9,30.4,5.5
99,Curtis Samuel,All,12.5,7.13,5.37
360,RJ Harvey,All,55.4,50.04,5.36
178,Hunter Luepke,All,12.6,7.31,5.29
231,Jeremy Ruckert,All,20.1,14.82,5.28
3,Aaron Jones,All,18.0,12.81,5.19
59,Bucky Irving,All,76.0,70.83,5.17
119,David Martin-Robinson,All,7.1,2.01,5.09
424,Trey McBride,All,113.1,108.19,4.91
432,Tylan Wallace,All,12.9,8.11,4.79
154,Elijah Moore,All,18.9,14.22,4.68
198,Jahmyr Gibbs,All,102.9,98.46,4.44
326,Michael Mayer,All,28.7,24.27,4.43
406,Tez Johnson,All,23.7,19.32,4.38
137,Devaughn Vele,All,12.9,8.56,4.34
392,Sterling Shepard,All,49.3,45.11,4.19
224,Jayden Reed,All,13.5,9.4,4.1
322,Matthew Golden,All,47.4,43.33,4.07
244,Jonnu Smith,All,44.7,40.74,3.96
19,Andrew Beck,All,8.7,4.81,3.89
171,Greg Dortch,All,29.2,25.32,3.88
94,Connor Heyward,All,10.0,6.13,3.87
314,Mark Andrews,All,50.8,47.0,3.8
286,Konata Mumpfield,All,9.2,5.4,3.8
402,Terrance Ferguson,All,13.2,9.44,3.76
280,Keon Coleman,All,61.7,58.0,3.7
192,Jack Stoll,All,11.8,8.11,3.69
54,Brock Purdy,All,42.44,38.82,3.62
338,Nate Adkins,All,16.8,13.23,3.57
95,Cooper Kupp,All,55.1,51.64,3.46
380,Ryan Miller,All,9.0,5.64,3.36
335,Mitchell Tinsley,All,10.2,6.94,3.26
26,Ashton Jeanty,All,100.1,96.84,3.26
363,Raheim Sanders,All,6.3,3.05,3.25
366,Rashid Shaheed,All,81.1,77.88,3.22
410,Tommy Tremble,All,35.6,32.46,3.14
300,Luke Farrell,All,17.8,14.71,3.09
212,James Conner,All,33.3,30.21,3.09
53,Brock Bowers,All,46.5,43.43,3.07
398,Tanner Hudson,All,11.0,7.93,3.07
309,Malik Heath,All,6.6,3.57,3.03
113,Dareke Young,All,6.8,3.84,2.96
47,Brenton Strange,All,40.4,37.66,2.74
270,Kareem Hunt,All,51.0,48.29,2.71
168,George Kittle,All,12.5,9.9,2.6
256,Joshua Palmer,All,37.4,34.82,2.58
450,Van Jefferson,All,26.0,23.43,2.57
66,Caleb Williams,All,109.64,107.09,2.55
379,Ryan Flournoy,All,36.4,33.93,2.47
229,Jaylin Noel,All,13.9,11.55,2.35
34,Bhayshul Tuten,All,36.9,34.58,2.32
153,Elijah Higgins,All,19.2,16.94,2.26
357,Q.Ewers,All,2.12,0.0,2.12
343,Nikko Remigio,All,4.2,2.2,2.0
69,Cam Akers,All,7.18,5.22,1.96
84,Chris Moore,All,31.3,29.38,1.92
373,Robbie Anderson,All,7.6,5.72,1.88
73,Carson Wentz,All,72.58,70.7,1.88
118,Davante Adams,All,113.1,111.29,1.81
439,Tyler Johnson,All,19.3,17.62,1.68
116,Darnell Washington,All,25.4,23.76,1.64
214,James Mitchell,All,5.8,4.25,1.55
294,Kyren Williams,All,111.8,110.47,1.33
62,C.Runyon,All,1.3,0.0,1.3
308,Malachi Corley,All,4.8,3.51,1.29
423,Trey Lance,All,2.86,1.62,1.24
399,Tay Martin,All,4.3,3.19,1.11
332,Miles Sanders,All,27.7,26.62,1.08
388,Sean Tucker,All,11.6,10.52,1.08
46,Brenden Bates,All,4.3,3.27,1.03
14,Allen Lazard,All,16.0,15.07,0.93
60,C.Colby,All,0.9,0.0,0.9
121,David Moore,All,2.7,1.83,0.87
199,Jake Bobo,All,2.7,1.83,0.87
65,Cade Stover,All,6.2,5.49,0.71
75,Cedric Tillman,All,33.6,32.9,0.7
126,Dawson Knox,All,20.3,19.66,0.64
452,Will Dissly,All,8.3,7.7,0.6
235,Jimmy Horn,All,14.3,13.71,0.59
158,Eric Saubert,All,2.2,1.72,0.48
319,Mason Rudolph,All,0.48,0.0,0.48
457,Xavier Smith,All,8.1,7.63,0.47
161,Foster Moreau,All,1.9,1.44,0.46
467,Zay Jones,All,30.3,29.85,0.45
395,Tai Felton,All,1.9,1.46,0.44
194,Jacob Saylors,All,1.1,0.67,0.43
58,Brycen Tremayne,All,19.8,19.39,0.41
56,Bryce Oliver,All,1.8,1.43,0.37
180,Ian Thomas,All,6.4,6.08,0.32
435,Tyler Conklin,All,13.5,13.2,0.3
147,Drew Sample,All,13.4,13.14,0.26
83,Chris Manhertz,All,1.7,1.54,0.16
241,John Metchie,All,5.8,5.7,0.1
377,Roschon Johnson,All,1.7,1.63,0.07
20,Andy Dalton,All,8.42,8.37,0.05
70,Cam Grandy,All,1.6,1.56,0.04
184,Isaiah Likely,All,4.8,4.77,0.03
277,Kenneth Gainwell,All,66.0,65.97,0.03
31,Ben Sinnott,All,1.7,1.67,0.03
374,Roman Wilson,All,7.6,7.58,0.02
162,G.Bolles,All,0.0,0.0,0.0
252,Josh Karty,All,0.0,0.0,0.0
48,Brett Rypien,All,0.0,0.0,0.0
448,Tyson Bagent,All,1.78,1.81,-0.03
52,British Brooks,All,1.5,1.57,-0.07
370,Rhamondre Stevenson,All,71.9,72.02,-0.12
63,CJ Ham,All,1.5,1.62,-0.12
38,Bo Melton,All,0.3,0.46,-0.16
160,Feleipe Franks,All,0.2,0.44,-0.24
386,Scott Matlock,All,1.1,1.36,-0.26
264,Justin Watson,All,6.0,6.27,-0.27
339,Nathan Carter,All,3.6,3.89,-0.29
112,Dare Ogunbowale,All,3.6,3.93,-0.33
297,LeQuint Allen,All,10.6,10.95,-0.35
365,Rasheen Ali,All,0.5,0.95,-0.45
302,Luke Musgrave,All,9.9,10.38,-0.48
394,Tahj Brooks,All,1.7,2.18,-0.48
23,Antonio Gibson,All,19.2,19.68,-0.48
144,Drake London,All,101.9,102.38,-0.48
292,Kylen Granson,All,2.6,3.11,-0.51
21,Anthony Gould,All,1.3,1.83,-0.53
389,Skyy Moore,All,4.6,5.17,-0.57
324,Max Brosmer,All,1.06,1.68,-0.62
336,Mo Alie-Cox,All,9.0,9.63,-0.63
285,Kirk Cousins,All,1.16,1.81,-0.65
273,Keaton Mitchell,All,2.3,2.97,-0.67
129,DeMario Douglas,All,37.2,37.92,-0.72
449,Ulysses Bentley,All,0.0,0.75,-0.75
98,Craig Reynolds,All,0.4,1.18,-0.78
426,Tua Tagovailoa,All,94.32,95.12,-0.8
250,Josh Downs,All,53.7,54.54,-0.84
170,Grant Calcaterra,All,8.0,8.84,-0.84
138,Devin Neal,All,1.0,1.85,-0.85
234,Jimmy Garoppolo,All,-0.3,0.57,-0.87
101,D'Ernest Johnson,All,0.0,0.89,-0.89
146,Drew Lock,All,0.5,1.43,-0.93
287,Kyle Allen,All,-0.2,0.78,-0.98
385,Savion Williams,All,9.0,9.98,-0.98
239,John Bates,All,3.4,4.41,-1.01
195,Jacoby Brissett,All,45.66,46.71,-1.05
438,Tyler Huntley,All,6.62,7.67,-1.05
9,Albert Okwuegbunam,All,8.6,9.66,-1.06
441,Tyler Shough,All,0.0,1.09,-1.09
132,DeeJay Dallas,All,0.0,1.12,-1.12
236,Joe Burrow,All,15.86,17.03,-1.17
131,Dee Eskridge,All,9.2,10.39,-1.19
190,Jacardia Wright,All,2.0,3.22,-1.22
41,Braelon Allen,All,16.3,17.56,-1.26
200,Jake Browning,All,56.18,57.46,-1.28
393,T.J. Hockenson,All,50.6,51.89,-1.29
368,Ray Davis,All,13.8,15.1,-1.3
396,Tank Bigsby,All,3.2,4.52,-1.32
91,Colby Parkinson,All,11.8,13.12,-1.32
12,Alex Bachman,All,1.9,3.24,-1.34
311,Malik Turner,All,0.0,1.35,-1.35
279,Kenny Pickett,All,-0.68,0.67,-1.35
2,AJ Dillon,All,9.8,11.16,-1.36
258,Julian Hill,All,19.7,21.06,-1.36
103,DJ Moore,All,55.1,56.51,-1.41
387,Scotty Miller,All,1.9,3.31,-1.41
172,Gunnar Heim,All,31.9,33.31,-1.41
293,Kyler Murray,All,81.78,83.22,-1.44
436,Tyler Goodson,All,1.6,3.04,-1.44
310,Malik Nabers,All,60.1,61.55,-1.45
355,Payne Durham,All,0.0,1.46,-1.46
191,Jack Bech,All,14.3,15.77,-1.47
400,Taysom Hill,All,9.56,11.08,-1.52
44,Brayden Willis,All,0.0,1.56,-1.56
337,Najee Harris,All,11.6,13.19,-1.59
403,Terrell Jennings,All,1.8,3.51,-1.71
135,Derius Davis,All,-0.5,1.21,-1.71
217,Jason Brownlee,All,0.0,1.73,-1.73
304,Luke Wypler,All,0.0,1.77,-1.77
13,Alex Cappa,All,0.0,1.77,-1.77
204,Jaleel McLaughlin,All,0.0,1.77,-1.77
25,Ashton Dulin,All,11.8,13.59,-1.79
33,Bernhard Raimann,All,0.0,1.8,-1.8
419,Trent Sherfield,All,5.1,6.93,-1.83
321,Mason Tipton,All,0.0,1.84,-1.84
333,Mitch Trubisky,All,0.98,2.87,-1.89
123,David Sills,All,1.9,3.8,-1.9
281,Kevin Austin,All,0.0,1.9,-1.9
463,Zaire Mitchell,All,1.3,3.23,-1.93
468,Zonovan Knight,All,31.2,33.21,-2.01
211,Jamari Thrash,All,15.6,17.67,-2.07
458,Xavier Weaver,All,0.0,2.08,-2.08
282,Khadarel Hodge,All,0.0,2.1,-2.1
5,Adam Prentice,All,2.9,5.02,-2.12
459,Xavier Worthy,All,46.6,48.75,-2.15
108,Dalton Schultz,All,39.6,41.75,-2.15
173,Harold Fannin,All,67.4,69.61,-2.21
227,Jaylen Warren,All,75.5,77.74,-2.24
437,Tyler Higbee,All,31.1,33.49,-2.39
11,Alec Pierce,All,47.7,50.09,-2.39
238,Joe Milton,All,0.64,3.07,-2.43
10,Alec Ingold,All,7.9,10.33,-2.43
78,Charlie Woerner,All,0.5,2.94,-2.44
77,Charlie Kolar,All,6.2,8.67,-2.47
431,Tyjae Spears,All,17.4,19.89,-2.49
125,Davis Mills,All,1.22,3.74,-2.52
197,Jahan Dotson,All,18.1,20.63,-2.53
207,Jalen Milroe,All,-0.6,1.95,-2.55
453,Will Shipley,All,5.7,8.25,-2.55
49,Brevyn Spann-Ford,All,2.5,5.06,-2.56
409,Tip Reiman,All,4.8,7.37,-2.57
289,Kyle Monangai,All,34.3,36.98,-2.68
462,Zach Wilson,All,1.58,4.27,-2.69
150,Dylan Sampson,All,36.5,39.3,-2.8
465,Zavier Scott,All,24.8,27.61,-2.81
164,Gardner Minshew,All,-0.6,2.25,-2.85
37,Blake Whiteheart,All,2.4,5.26,-2.86
299,Lucas Krull,All,3.5,6.41,-2.91
149,Dylan Laube,All,5.3,8.22,-2.92
89,Christopher Brooks,All,8.2,11.14,-2.94
8,Adonai Mitchell,All,21.5,24.45,-2.95
265,Juwan Johnson,All,67.5,70.52,-3.02
275,Kendre Miller,All,33.3,36.34,-3.04
64,Cade Otton,All,31.6,34.65,-3.05
416,Tre Harris,All,18.5,21.57,-3.07
152,Elijah Arroyo,All,16.8,19.88,-3.08
225,Jaydon Blue,All,5.1,8.18,-3.08
86,Chris Rodriguez,All,17.7,20.78,-3.08
284,Kimani Vidal,All,36.2,39.34,-3.14
174,Harrison Bryant,All,1.5,4.75,-3.25
167,George Holani,All,5.2,8.5,-3.3
114,Darius Slayton,All,27.6,30.93,-3.33
420,Trevor Etienne,All,10.5,13.84,-3.34
340,Nick Chubb,All,48.5,51.87,-3.37
362,Raheem Mostert,All,11.3,14.7,-3.4
80,Chig Okonkwo,All,44.8,48.29,-3.49
42,Brandin Cooks,All,26.7,30.25,-3.55
268,Kalif Raymond,All,11.6,15.17,-3.57
40,Braden Mann,All,-3.4,0.24,-3.64
255,Joshua Dobbs,All,0.08,3.73,-3.65
404,Terry McLaurin,All,24.9,28.6,-3.7
427,Tucker Fisk,All,0.0,3.71,-3.71
109,Dameon Pierce,All,2.6,6.31,-3.71
205,Jalen Coker,All,0.0,3.72,-3.72
208,Jalen Nailor,All,38.7,42.43,-3.73
405,Tetairoa McMillan,All,86.3,90.12,-3.82
163,Gage Larvadain,All,4.2,8.17,-3.97
22,Anthony Richardson,All,2.16,6.15,-3.99
159,Evan Engram,All,46.6,50.75,-4.15
384,Saquon Barkley,All,94.4,98.61,-4.21
272,KeAndre Lambert-Smith,All,1.1,5.43,-4.33
397,Tanner Conner,All,15.5,19.84,-4.34
148,Dyami Brown,All,43.6,48.22,-4.62
401,Tee Higgins,All,73.6,78.29,-4.69
464,Zamir White,All,7.4,12.11,-4.71
155,Emanuel Wilson,All,18.2,22.92,-4.72
92,Cole Kmet,All,28.2,32.99,-4.79
433,Tyler Allgeier,All,42.3,47.32,-5.02
341,Nick Westbrook,All,11.2,16.34,-5.14
6,Adam Thielen,All,11.7,16.9,-5.2
30,Beaux Collins,All,1.7,6.9,-5.2
434,Tyler Badie,All,16.4,21.64,-5.24
291,Kyle Williams,All,3.8,9.12,-5.32
175,Hassan Haskins,All,8.3,13.78,-5.48
325,Michael Carter,All,32.4,37.96,-5.56
259,Julius Chestnut,All,3.1,8.68,-5.58
248,Jordan Whittington,All,25.3,30.91,-5.61
344,Noah Brown,All,6.6,12.3,-5.7
315,Marquez Valdes-Scantling,All,8.0,13.73,-5.73
418,TreVeyon Henderson,All,47.2,52.99,-5.79
352,Pat Bryant,All,9.6,15.55,-5.95
93,Colston Loveland,All,15.8,21.83,-6.03
87,Christian Kirk,All,20.9,27.18,-6.28
57,Bryce Young,All,103.42,109.81,-6.39
27,Austin Ekeler,All,13.1,19.56,-6.46
320,Mason Taylor,All,46.8,53.35,-6.55
446,Tyrod Taylor,All,31.16,37.72,-6.56
183,Isaiah Davis,All,20.7,27.31,-6.61
88,Christian McCaffrey,All,188.1,194.79,-6.69
422,Trey Benson,All,35.4,42.27,-6.87
295,Ladd McConkey,All,90.0,96.88,-6.88
327,Michael Penix Jr.,All,85.66,92.56,-6.9
179,Hunter Renfrow,All,35.9,42.81,-6.91
383,Samaje Perine,All,17.3,24.27,-6.97
445,Tyrell Shavers,All,10.1,17.11,-7.01
367,Rashod Bateman,All,29.0,36.09,-7.09
189,Ja'Tavion Sanders,All,20.2,27.34,-7.14
134,Demarcus Robinson,All,16.3,23.6,-7.3
122,David Njoku,All,51.3,58.65,-7.35
267,Kaleb Johnson,All,3.6,11.11,-7.51
143,Dontayvion Wicks,All,26.4,34.03,-7.63
298,Lil'Jordan Humphrey,All,9.5,17.35,-7.85
414,Travis Hunter,All,66.8,74.79,-7.99
425,Troy Franklin,All,70.2,78.26,-8.06
242,Johnny Mundt,All,7.7,15.78,-8.08
18,Andrei Iosivas,All,28.5,36.61,-8.11
447,Tyrone Tracy,All,31.4,39.68,-8.28
456,Xavier Legette,All,43.2,51.59,-8.39
139,Devin Singletary,All,10.4,19.12,-8.72
43,Brashard Smith,All,32.9,41.78,-8.88
346,Noah Gray,All,16.5,25.5,-9.0
203,Jakobi Meyers,All,61.9,71.0,-9.1
369,Ray-Ray McCloud,All,12.4,21.52,-9.12
102,DJ Giddens,All,6.6,15.75,-9.15
90,Chuba Hubbard,All,63.6,72.75,-9.15
303,Luke Schoonmaker,All,7.4,16.87,-9.47
24,Arian Smith,All,6.4,16.1,-9.7
411,Tony Pollard,All,77.2,86.94,-9.74
68,Calvin Ridley,All,48.0,57.74,-9.74
378,Russell Wilson,All,52.84,62.62,-9.78
36,Blake Corum,All,30.8,40.74,-9.94
460,Zach Charbonnet,All,40.6,50.67,-10.07
430,Ty Johnson,All,8.6,19.0,-10.4
209,Jalen Tolbert,All,26.5,37.05,-10.55
166,Geno Smith,All,86.88,97.44,-10.56
228,Jaylin Lane,All,24.9,35.64,-10.74
329,Michael Wilson,All,34.6,45.82,-11.22
115,Darnell Mooney,All,24.7,36.02,-11.32
210,Jalin Hyatt,All,4.7,16.34,-11.64
331,Mike Gesicki,All,14.1,25.77,-11.67
218,Jauan Jennings,All,38.7,50.37,-11.67
81,Chimere Dike,All,30.2,41.91,-11.71
82,Chris Godwin,All,11.2,22.99,-11.79
74,Casey Washington,All,11.9,23.83,-11.93
151,Elic Ayomanor,All,53.5,65.55,-12.05
254,Josh Reynolds,All,23.1,35.77,-12.67
348,Ollie Gordon,All,17.7,30.41,-12.71
45,Breece Hall,All,85.2,98.04,-12.84
85,Chris Olave,All,105.0,117.93,-12.93
330,Mike Evans,All,34.0,47.39,-13.39
141,Dillon Gabriel,All,35.54,48.99,-13.45
185,Isiah Pacheco,All,54.4,68.7,-14.3
306,Mac Jones,All,84.56,98.88,-14.32
232,Jerome Ford,All,35.0,50.2,-15.2
50,Brian Robinson,All,20.5,35.75,-15.25
96,Cooper Rush,All,6.72,22.0,-15.28
347,Olamide Zaccheaus,All,35.7,51.33,-15.63
421,Trevor Lawrence,All,118.1,134.29,-16.19
440,Tyler Lockett,All,17.0,34.16,-17.16
51,Brian Thomas,All,77.1,96.01,-18.91
142,Dont'e Thornton,All,14.4,33.38,-18.98
351,Parker Washington,All,44.6,63.74,-19.14
312,Malik Washington,All,37.0,57.01,-20.01
79,Chase Brown,All,73.4,93.6,-20.2
182,Isaiah Bond,All,24.2,45.55,-21.35
390,Spencer Rattler,All,101.5,126.77,-25.27
15,Alvin Kamara,All,76.5,105.16,-28.66
237,Joe Flacco,All,81.64,117.85,-36.21
233,Jerry Jeudy,All,47.7,88.84,-41.14
72,Cam Ward,All,63.84,105.96,-42.12
